Meteor Falls;Meteorfälle;
[475] Fallarbor Town\nRoute 113 [478];[475] Laubwechselfeld\nRoute 113 [478];
Fallarbor Town\n[129]A farm community with small gardens.[130];Laubwechselfeld\n[131]Eine Gemeinschaft von Farmern mit kleinen Gärten.[129];
Battle Tent Fallarbor Site\n[129]May the Greatest Teams Gather![130];Kampfcamp Laubwechselfeld\n[131]Mögen sich die Besten Teams hier treffen![129];
Move Reminder's House\n[129]New Moves taught to Pokémon.[130];Haus des Attackenmaniac\n[131]Neue Attacken für deine Pokémon.[129];
Fossil Maniac's House\n[129]Fossils gratefully accepted![130];Haus des Fossilienmaniac\n[131]Fossilien gesucht![129];
Lanette's House;Lanettes Haus;
Littleroot Town\n[129]A town that can't be shaded any hue.\";Wurzelheim\n[131]Ein Ort, wie es ihn nur einmal gibt.[129];
Prof. Birch's Lab;Prof. Birks Labor;
[PLAYER]'s House;Haus von [PLAYER];
Prof. Birch's House;Haus von Prof. Birk;
Prof. Birch's House;Haus von Prof. Birk;
Mom: Welcome to Littleroot Town, honey.\rHow do you like it?\nThis is our new home.\rIt has a quaint feel, but it seems to be an\neasy place to live, don't you think?\rAnd you get your own room, [PLAYER]!\nLet's go inside.;Mutter: Willkommen in Wurzelheim, Schatz.\rWie gefällt es dir?\nDas ist unser neues zu Hause.\rIst das idyllisch! Man kann hier sicher\nwunderbar leben, meinst du nicht?\rUnd| du bekommst dein eigenes Zimmer,\n[PLAYER]! Lass uns hineingehen!;
Route 101\n[476] Oldale Town;Route 101\n[476] Rosaltstadt;
Wild Pokémon will jump out at you in tall grass.\rIf you want to catch Pokémon, you have to go\ninto the tall grass and search.;Wilde Pokémon springen dich in hohem\nGras gerne an.\rWenn du Pokémon fangen willst, musst\ndu ins hohe Gras gehen und sie suchen.;
If Pokémon get tired, take them to\na Pokémon Center.\rThere's a Pokémon Center in Oldale Town\nright close by.;Sind deine Pokémon müde, bring sie in ein\nPokémon-Center.\rIn Rosaltstadt, gleich hier um die\nEcke, gibt es ein Pokémon-Center.;
Mom: See, [PLAYER]?\nIsn't it nice in here, too?;Mutter: Siehst du, [PLAYER]?\nHier ist es doch auch schön, oder nicht?;
[129]Rejuvenate your tired partners\"\nPokémon Center;[131]Erfrische deine müden Partner![129]\nPokémon-Center;
Oldale Town\n[129]Where things start of scarce.\";Rosaltstadt\n[131]Wo Dinge selten ihren Anfang nehmen.[129];
[129]Select items for your convenience\"\nPokémon Mart;[131]Ausgewählte Items für Deinen Gebrauch![129]\nPokémon-Supermarkt;
I want to take a rest,\nso I'm saving my progress.;Ich möchte eine Pause einlegen,\ndaher speichere ich mein Spiel.;
My Pokémon is staggeringly tired|\nI should have brought a Potion|;Mein Pokémon ist unglaublich müde|\nIch hätte einen Trank mitnehmen sollen.;
Mom: [PLAYER].\rPlease check out your new PC.\nIt's a gift from Dad after all.;Mutter: [PLAYER].\rProbiere bitte den PC in deinem Zimmer aus.\nEr ist schließlich ein Geschenk von Vati.;
Route 103\n[477] Oldale Town;Route 103\n[477] Rosaltstadt;
[CRY:288]Fugiiih!;[CRY:288]Fugiiih!;
[CRY:288]Huggoh, uggo uggo|;[CRY:288]Huggoh, uggo uggo|;
Dad might like this program.\r| | | | | | | | | | | | |\rBetter get going!;Vati würde dieses Programm gefallen.\r| | | | | | | | | | | | |\rIch beeile mich besser!;
Pokémon Centers are great!\rYou can use their services as much\nas you like, and it's all for free.\rYou never have to worry!;Pokémon-Center sind eine großartige\nEinrichtung!\rDu kannst ihren Service sooft du willst\nin Anspruch nehmen - kostenlos!\rDaher kannst du unbeschwert umherreisen.;
It's a Nintendo GameCube.;Das ist ein Nintendo GameCube.;
[PLAYER] flipped open the notebook.\rAdventure Rule No.1\nOpen the menu with X or START.\rAdventure Rule No.2\nRecord your progress with [129]Save\".\rThe remaining pages are blank|;[PLAYER] schlägt das Notizbuch auf.\rRegel Nr. 1 für Abenteurer\nÖffne das Menü mit X oder START.\rRegel Nr. 2 für Abenteurer\nSichere den Fortschritt mit [131]Speichern[129].\rDie übrigen Seiten sind leer.;
Pokémon magazines!\n[129]The Unown - Hoenn Edition\"|\n[129]How to Train Your Bagon\"|\nAll of them are somewhat boring|;Pokémon-Magazine!\n[131]Icognito in Hoenn[129]|\n[131]Kindwurmzähmen leicht gemacht[129]|\nKeines wirkt besonders ansprechend|;
I'm sorry, but we're currently\nrenovating the top floor.;Es tut mir Leid, aber wir bauen\ndas Obergeschoss gerade um.;
That PC in the corner there is for any\nPokémon Trainer to use.\rNaturally, that means you're welcome\nto use it, too.;Der PC dort in der Ecke ist für alle\nPokémon-Trainer.\rDas heißt, dass auch du ihn benutzen darfst.;
[PLAYER] booted up the PC.;[PLAYER] schaltet den PC ein.;
A message from Dad!\rDad: Hi [PLAYER]! Welcome to our new home.\rI'm busy right now, so I can't\nwelcome you in person.\rBut we should meet nevertheless!\rSo could you please come\nand visit me in my Gym in Petalburg City?\rAh, this Potion may come in handy\nfor your journey.;Eine Nachricht von Vati!\rVater: Hi [PLAYER]!\nWillkommen in unserem neuen Heim.\rIch habe gerade viel zu tun, deswegen\nkann ich dich nicht persönlich empfangen.\rAber wir sollten uns dennoch treffen!\rBesuche mich doch einfach in meiner\nArena in Blütenburg City!\rAh, dieser Trank könnte eventuell\nnützlich sein bei deiner Reise.;
When Pokémon battle, they eventually\nlevel up and become stronger.;Während Kämpfen können Pokémon manchmal\nLevel dazugewinnen und stärker werden.;
If the Pokémon with you become stronger,\nyou'll be able to go farther away from here.;Sobald deine Team-Pokémon stärker geworden\nsind, kannst du auch andere Orte bereisen.;
When a Pokémon battle starts, the one at the\ntop-left of the list goes out first.\rSo, when you get more Pokémon in your party,\ntry switching around their order.\rIt could give you an advantage.;Das Pokémon oben-links in der Liste\ntritt im Kampf als Erstes an.\rHast du mehrere Pokémon in deinem Team,\nversuche sie umzuordnen.\rDas kann dir im Kampf den entscheidenen\nVorteil bringen.;
There is another message.\r???: Greetings [PLAYER], I hope you are having fun.\nThis gift was delivered just for you.;Es gibt eine weitere Nachricht.\r???: Sei gegrüßt, [PLAYER].\nDieses Geschenk ist nur für dich.;
Hello and welcome to the Pokémon Center.\rWe restore your tired Pokémon to full health.;Willkommen im Pokémon-Center.\rWir heilen deine Pokémon und\nmachen sie wieder fit.;
Mom: [PLAYER], how do you like your new room?\rGood! Everything's put away neatly!\rThey finished moving everything in\ndownstairs, too!\rPokémon movers are so convenient!;Mutter: [PLAYER], wie gefällt dir dein\nneues Zimmer?\rGut! Alles ist wunderbar aufgeräumt!\rAuch im Erdgeschoss ist alles\nkomplett eingerichtet.\rPokémon-Umzugshelfer sind so praktisch!;
The clerk says they're all sold out.\nI can't buy any Poké Balls.;Der Verkäufer sagt, es sei alles ausverkauft.\nJetzt stehe ich ohne Pokébälle da.;
If a Pokémon gets hurt and loses its HP and\nfaints, it won't be able to battle.\rTo prevent your Pokémon from fainting,\nrestore its HP with a Potion.;Wird ein Pokémon verletzt und verliert alle\nKP, so ist es kampfunfähig.\rUm das zu vermeiden, solltest du die KP\nbei Bedarf mit einem Trank auffüllen.;
Would you like to rest your Pokémon?;OK. Wir benötigen deine Pokémon.;
Mom: Oh! [PLAYER], [PLAYER]!\nQuick! Come quickly!;Mutter: Oh! [PLAYER], [PLAYER]!\nSchnell Komm schnell her!;
Mom: Look it's Petalburg Gym!\nMaybe Dad will be on!;Mutter: Da! Da ist die Arena von\nBlütenburg City!\rIch glaube, Vati ist im Fernsehen!;
We hope to see you again!;Komm jederzeit wieder vorbei!;
Mom: Oh| It's over.\rI think Dad was on, but we missed him. Too bad.\rOh yes.\nOne of Dad's friends lives in town.\rProf. Birch is his name.\rHe lives right next door, so you should\ngo over and introduce yourself.;Mutter: Oh| Schon vorbei.\rIch glaube, Vati war im Fernsehen und\nwir haben ihn verpasst. Schade!\rAch ja.\nEiner von Vatis Freunden lebt hier.\rProf. Birk ist sein Name.\rEr lebt gleich nebenan, daher solltest\ndu hinübergehen und dich vorstellen.;
Okay, I'll take your Pokémon for a second.;Okay, ich nehme deine Pokémon für\neinen Moment in meine Obhut.;
Thank you for waiting.\rWe've restored your Pokémon to full health.\rWe hope to see you again.;Vielen Dank.\rDeine Pokémon sind wieder top fit.\rKomm jederzeit wieder vorbei!;
The mover's Pokémon do all the work of\nmoving us in and cleaning up after.\rThis is so convenient!\r[PLAYER], your room is upstairs.\nGo check it out, dear!\rDad bought you a new PC to mark our move\nhere. Don't forget to check it out.;Die Pokémon machen für uns den Umzug,\nräumen alles ein und machen sauber.\rDas ist doch so was von praktisch!\r[PLAYER], dein Zimmer ist oben.\nSchau es dir doch mal an, Spatz!\rVati hat dir einen neuen PC zur Begrüßung\ngeschenkt.\rVergiss nicht, ihn auszuprobieren!;
There's an e-mail from the Pokémon\nTrainers' School.\r| | | | | | |\rA Pokémon may learn up to four moves.\rA trainer's expertise is tested on the\nmove sets chosen for Pokémon.\r| | | | | | |;Da ist eine E-Mail von der Pokémon\nTrainerschule.\r| | | | | | |\rEin Pokémon kann bis zu vier Attacken lernen.\rDie Fähigkeiten eines Trainers zeigen sich in\nden Attacken, er seinen Pokémon beibringt.\r| | | | | | |;
Mom: See you, honey!;Mutter: Bis später, Spatz!;
Prof. Birch spends days in his lab studying,\nthen he'll suddenly go out\nin the wild to do more research|\rWhen does Prof. Birch spend time at home?;Prof. Birk verbringt seine Tage in seinem\nLabor, dann rennt er plötzlich nach draußen\nin die Wildnis, um zu forschen|\rWann ist Prof. Birk eigentlich mal\nzu Hause?;
Interviewer: |this report from in front of\nPetalburg Gym.;Interviewer: Das war unsere Reportage\nüber die Arena in Blütenburg City.;
---;---;
Using a PC you can send even items!\rThe power of science is staggering!;Wenn du einen PC benutzt, kannst du\nsogar Items versenden!\rDie Kraft der Wissenschaft ist\natemberaubend!;
Um, um, um!;Äh| Ähm| Hihi|;
If you go outside and go in the grass,\nwild Pokémon will jump out!\rIt's dangerous if you don't have your\nown Pokémon!;Wenn du durch das hohe Gras läufst,\nwirst du wilde Pokémon entdecken.\rDas ist gefährlich, wenn du keine eigenen\nPokémon dabeihast.;
Oh, hello. And you are?\r| | | | | | | | |\n| | | | | | | | |\rOh, you're [PLAYER],\nour new next-door neighbor! Hi!\rWe have a kid about the same age as you.\rOur kid was excited about\nmaking a new friend.\rOur kid is upstairs, I think.;Oh, hallo, Wer bist du?\r| | | | | | | | |\n| | | | | | | | |\rOh, du bist [PLAYER], unser neuer\nNachbar! Hallo!\rWir haben ein Kind in deinem Alter.\rMein Kind freut sich schon darauf,\nmit dir Freundschaft zu schließen.\rMein Kind ist oben, denke ich.;
Like child, like father.\rMy husband is as wild about\nPokémon as our child.\rIf my husband is not at his Lab, he's likely scrabbling about in grassy places.;Wie der Vater, so das Kind.\rMein Mann ist genauso verrückt nach\nPokémon wie unser Kind.\rWenn er nicht gerade im Labor ist, krabbelt\ner mit Sicherheit draußen durch das Gras.;
It's crammed with books on Pokémon.;Es ist voll mit Büchern über Pokémon.;
It's a PC used for research.\nBetter not mess around with it.;Ein PC, der in der Forschung eingesetzt wird.\nBesser nicht damit spielen!;
It's a serious-looking machine.\nIt must be used for research.;Das ist eine kompliziert aussehende Maschine.\nSie wird wohl für Forschungen gebraucht|;
Hunh? Prof. Birch?\rThe Prof's away on fieldwork.\nErgo, he isn't here.\rOh, let me explain what fieldwork is.\rIt is to study things in the natural\nenvironment, like fields of mountains,\ninstead of a laboratory.\rThe Prof isn't one for doing desk work.\nHe's the type of person who would\nrather go outside and experience things\nthan read about them here.;Wie? Prof. Birk?\rDer Prof arbeitet an einer Feld-Studie.\nAlso ist er nicht hier.\rOh ich erkläre dir, was eine\nFeld-Studie in diesem Fall ist:\rMan beobachtet und studiert Dinge in ihrem\nnatürlichen Umfeld.\rIn Feldern oder auf Bergen,\nanstatt im Labor.\rDer Prof ist kein Typ, der am\nSchreibtisch arbeiten kann.\rEr muss einfach draußen in der freien\nNatur die Dinge beobachten und studieren.;
Hi, neighbor!\rDo you already have your own Pokémon?;Hey, Nachbar!\rHast du schon ein eigenes Pokémon?;
Let me explain again what fieldwork is.\rIt is to study things in the natural\nenvironment, like fields of mountains,\ninstead of a laboratory.\rThe Prof isn't one for doing desk work.\nHe's the type of person who would\nrather go outside and experience things\nthan read about them here.;Oh ich erkläre dir, was\neine Feld-Studie in diesem Fall ist:\rMan beobachtet und studiert Dinge in ihrem\nnatürlichen Umfeld.\rIn Feldern oder auf Bergen,\nanstatt im Labor.\rDer Prof ist kein Typ, der am\nSchreibtisch arbeiten kann.\rEr muss einfach draußen in der freien\nNatur die Dinge beobachten und studieren.;
Oh, you're [PLAYER], aren't you?\nMoved in next door, right?\rMy name's [RIVAL]. So hi, neighbor.\rHuh? Hey, [PLAYER],\ndon't you have a Pokémon?\rDad, Prof. Birch, said that our new\nnext-door neighbor is a Gym Leader's kid|\rSo, I assumed you would already have\nsome cool, strong Pokémon|\rDo you want me to go catch you one?\rAh, I forgot|\rI'm supposed to go help my dad\ncatch some wild Pokémon.\rSome other time, okay?;Ach ja, du bist [PLAYER], richtig?\nDu bist nebenan eingezogen, stimmt's?\rIch bin [RIVAL].\nAlso: Hallo Nachbar!\rWas? [PLAYER], du hast kein einziges\nPokémon?\rVater, Prof. Birk, hat gesagt, dass nebenan\ndas Kind eines Arenaleiters einzieht|\rAlso habe ich gedacht, du hättest ein\npaar coole, starke Pokémon|\rSoll ich eines für dich fangen?\rAch, Mist, das habe ich ganz vergessen|\rIch muss meinem Vater helfen, einige\nwilde Pokémon zu fangen.\rEin anderes Mal, okay?;
It's [RIVAL]'s Poké Ball!\rBetter leave it right where it is.;Der Pokéball gehört [RIVAL]!\rLass ihn besser liegen!;
Pokémon fully restored|\nItems all packed, and|;Pokémon: Bei guter Gesundheit!\nItems: Verstaut. Fehlt noch| Was?;
That [RIVAL]!\rI guess our child is too busy with Pokémon\nto notice that you came to visit|;Oh, [RIVAL]!\rIch vermute, unser Kind ist viel zu sehr mit\nPokémon beschäftigt und merkt gar nicht,\ndass du zu Besuch hier bist|;
It's a book that is too hand to read.;Dieses Buch ist viel zu kompliziert|;
It's a half-empty pot of warm coffee.;Eine halb leere Tasse mit warmem Kaffee.;
It's a half-full pot of cold coffee.;Eine halb volle Tasse mit kaltem Kaffee.;
Hey!\nYou|\rWho are you?;Hey!\nDu|\rWer bist du denn?;
Um, hi!\rThere are scary Pokémon outside!\nI can hear their cries!\rI want to go see what's going on,\nbut I don't have any Pokémon|\rCan you go see what's happening for me?;Äh| Hallo!\rDa ist ein fürchterliches Pokémon!\nIch kann sein Ruf hören!\rIch würde mir ja gerne mal ansehen, was da los\nist, aber ich habe kein Pokémon|\rKannst du nicht für mich nachschauen,\nwas da los ist?;
H-Help me!;Hi| Hiiiilfe!;
Hello! You over there!\nPlease! Help!\rIn my bag!\nThere's a Poké Ball!;Hilfe! Du dort drüben!\nBitte! Hilfe!\rIn meiner Tasche|\nDa findest du einen Pokéball!;
Prof. Birch: Whew|\rI was in the tall grass studying wild\nPokémon when I was jumped.\rYou saved me. Thanks a lot!\rOh?\rHi, you're [PLAYER]!\rThis is not the place to chat, so come by my\nPokémon Lab, okay?;Prof. Birk: Puuh|\rIch habe im hohen Gras Pokémon studiert,\nals ich angesprungen wurde.\rDu hast mich gerettet.\nVielen, vielen Dank!\rOh?\rHi, du bist doch [PLAYER]!\rAber dies ist nicht der Ort für ein\nSchwätzchen.\rKomm doch mit in mein Pokémon-Labor,\nokay?;
Prof. Birch: So, [PLAYER].\rI've heard so much about you\nfrom your father.\rI've heard that you don't have\nyour own Pokémon yet.\rBut the way you battled earlier,\nyou pulled it off with aplomb!\rI guess you have your father's blood\nin your veins after all!\rOh yes. As thanks for rescuing me, I'd like\nyou to have the Pokémon you used earlier.;Prof. Birk: Du bist also [PLAYER]!\rDein Vater hat mir schon viel von dir erzählt.\rIch habe auch erfahren, dass du noch\nkein eigenes Pokémon besitzt.\rAber wie du eben gekämpft hast|\nDiese Gelassenheit|\rIn deinen Adern fließt wirklich das Blut\ndeines Vaters!\rAls Dank dafür, dass du mich gerettet hast,\nmöchte ich dir das Pokémon schenken,\ndas du gerade benutzt hast.;
[PLAYER] received [TEAM:0].;[PLAYER] erhielt [TEAM:0].;
Would you like to give a nickname to [TEAM:0]?;Möchtest du dem [TEAM:0] einen Kosenamen geben?;
Prof. Birch: If you work at Pokémon and gain\nexperience, I think you'll make an\nextremely good Pokémon Trainer.\rMy kid, [RIVAL], is also studying Pokémon\nwhile helping me out.;Prof. Birk: Wenn du dich mit Pokémon\nbeschäftigst und Erfahrungen sammelst,\nwirst du bestimmt ein sehr guter Trainer.\rMein Kind, [RIVAL], studiert ebenfalls\nPokémon und hilft mir dabei sehr.;
Prof. Birch: Oh, don't be that way.\nYou should go meet my kid.;Prof. Birk: Ach, sei doch nicht so!\nIhr solltet euch wirklich treffen.;
Prof. Birch: Great!\n[RIVAL] should be happy, too.\rGet [RIVAL] to teach you what it means\nto be a Pokémon Trainer.;Prof Birk: Großartig!\n[RIVAL] wird sich auch freuen.\r[RIVAL] soll dir beibringen, was es\nbedeutet, ein Trainer zu sein.;
Prof. Birch: [RIVAL]?\nGone home, I think.\rOr maybe that kid's scrabbling around in\ntall grass again somewhere|\rIf you or your Pokémon get tired,\nyou should get some rest at home.;Prof. Birk: [RIVAL]?\n[RIVAL] ist nach Hause gegangen, glaube ich.\rOder das Kind krabbelt mal wieder\nirgendwo durch hohes Gras|\rWenn du und deine Pokémon müde sind,\ndann ruht euch zu Hause aus.;
Prof. Birch is studying the habitats and\ndistribution of Pokémon.\rThe Prof enjoys [RIVAL]'s help, too.\nThere's a lot of love there.;Prof. Birk studiert den Lebensraum\nund die Verbreitung von Pokémon.\rDer Prof freut sich über die Mitarbeit\nvon [RIVAL]. Da spürt man Zuneigung!;
You saved Prof. Birch!\nI'm so glad!;Du hast Prof. Birk gerettet!\nIch bin total froh!;
Oh, [RIVAL] went out to Route 103\njust a little while ago.\rLike father, like child.\n[RIVAL] can't stay quietly at home.;Oh, [RIVAL] ist vor kurzem zur\nRoute 103 aufgebrochen.\rWie der Vater, so das Kind. [RIVAL] hält\nes keine fünf Minuten im Haus aus.;
Mom: How are you doing, [PLAYER]?\nYou look a little tired.\rI think you should rest a bit.;Mutter: Wie geht es dir, [PLAYER]?\nDu siehst müde aus.\rIch denke, du solltest dich etwas ausruhen.;
Mom: Take care, honey!.;Mutter: Pass auf dich auf, Schatz!;
Aaaah! Wait!\nPlease don't come in here.;Aaaah! Warte!\nBitte nicht dort entlang laufen!;
I just discovered the footprints\nof a rare Pokémon!\rWait until I finish sketching them, okay?;Ich habe dort die Fußspuren eines\nseltenen Pokémon gesehen!\rWarte, bis ich fertig bin, sie\nabzuzeichnen, okay?;
---;---;
Hi!\nI work at a Pokémon Mart.\rWhat is a Pokémon Mart you may ask?\rIt is a building just as the one right behind me.\nJust look for our blue roof.\rWe sell a variety of goods including\nPoké Balls for catching Pokémon.\rHere, I'd like you to have these\nPotions as promotional items.;Hi!\nIch arbeite in einem Pokémon-Supermarkt.\rWas ein Pokémon-Supermarkt ist?\rDas ist ein Gebäude wie das hinter mir.\nAchte einfach auf unser blaues Dach.\rWir verkaufen eine Menge nützlicher Dinge,\nwie Pokébälle, mit denen man Pokémon fängt.\rHier, ein paar Tränke als ein\nkleines Werbegeschenk.;
A Potion can be used anytime, so it can be\neven more useful than a Pokémon Center.;Ein Trank kann zu jeder Zeit eingesetzt\nwerden, daher ist er in manchen Situationen\nwertvoller als ein Pokémon-Center.;
[RIVAL]: Okay, so it's this one and that one\nthat live on Route 103|;[RIVAL]: So| Dieses und dieses leben also an\nder Route 103|;
Hey, it's [PLAYER]!\r|Oh, yeah, Dad gave you a Pokémon.\rSince we're here, how about a little battle?\rI'll teach you what being a\nPokémon Trainer's about!;Hey, da ist ja [PLAYER]!\r| Oh ja. Mein Vater hat dir ein Pokémon\ngeschenkt, nicht wahr?\rWenn wir schon mal hier sind, lass uns\ndoch einen kleinen Kampf austragen.\rIch bringe dir bei, was ein Trainer\nwissen muss.;
[RIVAL]: I think I get it. I think I know\nwhy my dad has his eye out for you now.\rLook, your Pokémon already likes you, even though you just got it.\r[PLAYER], I get the feeling that you could\nbefriend any Pokémon with ease.\r| | |\rWe should head back to the lab.;[RIVAL]: Ich denke, ich habe es kapiert.\rIch weiß jetzt, warum mein Vater dich\nausgesucht hat.\rDu hast dein Pokémon noch nicht lange,\nund doch mag es dich schon.\r[PLAYER], ich glaube, du kannst mit\njedem Pokémon Freundschaft schließen.\rWir sollten zurück zum Labor gehen.;
---;---;
I think it's wonderful for people to\ntravel with Pokémon.\rBut you should go home every so often\nto let you mother know you're okay.\rShe might not say it, but I'm sure she\nworries about you, [PLAYER].;Ich glaube, es ist wunderbar für Leute,\nmit ihren Pokémon zu reisen.\rAber du solltest öfter nach Hause gehen und\ndeiner Mutter zeigen, dass es dir gut geht.\rSie lässt es sich nicht anmerken, aber sie\nmacht sich bestimmt Sorgen!;
Prof. Birch: Oh, welcome back, [PLAYER]!\rI heard you beat [RIVAL] on your first try.\nThat's excellent!\r[RIVAL]'s been helping with my research\nfor a long time.\r[RIVAL] has an extensive history as a\nPokémon Trainer already.\rThat reminds me, [PLAYER].\rHere, I ordered this for my research,\nbut I think you should have this PokéDex.;Prof. Birk: Oh, hallo, [PLAYER]!\rIch habe gehört, du hast [RIVAL] besiegt!\nSuper!\rDas war dein erster Kampf gegen einen\nTrainer!\r[RIVAL] hilft mir schon sehr lange bei\nmeinen Forschungen.\r[RIVAL] hat eine respektable Vergangenheit\nals Trainer.\rHier, das hilft mir bei meinen Forschungen.\rAber ich denke, du kannst den\nPokéDex auch gebrauchen.;
[PLAYER] received the PokéDex.;[PLAYER] erhielt den PokéDex.;
Prof. Birch: The PokéDex is a high-tech tool\nthat automatically makes a record\nof any Pokémon you meet or catch.\rMy kid, [RIVAL], goes everywhere with it.\rWhenever my kid catches a rare Pokémon\nand records its data in the PokéDex,\n[RIVAL] looks for me while I'm out\ndoing fieldwork, and shows me.;Prof. Birk: Der PokéDex ist ein high-tech\nGerät, das automatisch jedes Pokémon\nregistrierst, das du siehst oder fängst.\r[RIVAL] geht nie ohne ihn aus dem Haus.\rImmer, wenn [RIVAL] ein seltenes Pokémon\nfängt, eilt [RIVAL] schnell zu mir,\num mir den Eintrag im PokéDex zu zeigen.;
[RIVAL]: Huh|\nSo you got a PokéDex, too.\rWell then, here.\nI'll give you these.;[RIVAL]: Ach|\nDu hast auch einen PokéDex.\rNa, dann, gebe ich dir die hier.;
[RIVAL]: You know it's more fun to have a\nwhole bunch of Pokémon.\rI'm going to explore all over the place to find\ndifferent Pokémon.\rIf I find any cool Pokémon, you bet I'll try\nto get them with Poké Balls.;[RIVAL]: Weißt du, je mehr Pokémon du besitzt,\ndesto mehr Spaß macht es.\rIch reise viel umher, um die verschiedensten\nPokémon zu finden.\rUnd wenn ich ein cooles Pokémon sehe,\nversuche ich natürlich, es zu fangen.;
[RIVAL]: Where should I look for Pokémon\nnext|;[RIVAL]: Hm, wo soll ich wohl als nächstes\nnach Pokémon suchen?;
Prof. Birch: Countless Pokémon await you!\rArgh, I'm getting the itch to get out and\ndo fieldwork again!;Prof. Birk: Unzählige Pokémon erwarten dich.\rHach, ich muss jetzt auch dringend\nwieder meinen Forschungen nachgehen.;
Mom: Wait, [PLAYER]!;Mutter: Warte, [PLAYER]!;
Mom: [PLAYER]! [PLAYER]! Did you introduce\nyourself to Prof. Birch?\rOh! What an adorable Pokémon!\nYou got it from Prof. Birch. How nice!\rYou're your father's child, all right.\nYou look good together with Pokémon!\r| | | | | | | | | |\n| | | | | | | | | |\rTo think that you have your\nvery own Pokémon now|\rYour father will be overjoyed.\r|But please be careful.\nIf anything happens, you can come home.\rGo on, go get them, honey!;Mutter: [PLAYER]! [PLAYER]! Hast du dich schon\nProf. Birk vorgestellt?\rOh! Was für ein hübsches Pokémon!\nDu hast es von Prof. Birk erhalten? Toll!\rGanz wie dein Vater! Wunderbar.\nDu siehst gut aus mit deinem Pokémon!\r| | | | | | | | | |\n| | | | | | | | | |\rSich vorzustellen, dass du nun dein\neigenes Pokémon besitzt|\rDein Vater wird überglücklich sein.\r| Aber sei bitte vorsichtig.\rSollte etwas passieren,\nkomm wieder nach Hause.\rLauf, schnapp' sie dir alle, Schatz!;
Are you going to catch Pokémon?\nGood luck!;Gehst du Pokémon fangen?\nViel Glück!;
I finished sketching te footprints of a rare Pokémon.\rBut it turns out they were only\nmy own footprints|;Ich habe die Fußspuren eines seltenen\nPokémon abgezeichnet.\rAber hinterher habe ich festgestellt,\ndass es meine eigenen Spuren waren|;
Mom: Did you introduce yourself to\nProf. Birch?;Mutter: Hast du dich bei Prof. Birk\nvorgestellt?;
[PLAYER], don't you think it might\nbe a good idea to go see [RIVAL]?;[PLAYER], meinst du nicht, es wäre eine gute\nIdee, wenn du dich mit [RIVAL] triffst?;
Route 102\nOldale Town [478];Route 102\nRosaltstadt [478];
Route 102\n[475] Petalburg City;Route 102\n[475] Blütenburg City;
Petalburg City\n[129]Where people mingle with nature.\";Blütenburg City\n[131]Wo Menschen Hand in Hand\nmit der Natur gehen.[129];
Wally's House;Haus von Heiko;
I'm|not very tall, so I sink\nright into tall grass.\rThe grass goes up my nose and|\nFwafwafwafwafwa|\rFwatchoo!;Ich| bin nicht groß, ich versinke\nim hohen Gras.\rDas Gras erreicht meine Nase und|\nHahahaha|\rHaaatschiiii!;
Hiya! Are you maybe|\nA rookie Pokémon Trainer?\rDo you know what Pokémon Trainers do\nwhen they reach a new town?\rThey first check what kind of\nPokémon Gym is in the town.;He da! Bist du vielleicht|\nein Anfänger unter den Trainern?\rWeißt du, was Pokémon-Trainer machen,\nwenn sie in einen neuen Ort kommen?\rSie sehen sich als Erstes die Arena\nim Ort an.;
See? This is Petalburg City's\nPokémon Gym.\rSee that symbol on the roof?\nThat marks this building as a Gym.\rLet me tell you something cool!\rThe color represents the primary type\nof Pokémon the Gym Leader uses!\rFor Petalburg, it is gray, since\nNorman uses Normal-type Pokémon.\rBut he's probably too strong\nfor you anyways|;Schau. Das ist die Arena von\nBlütenburg City.\rSiehst du das Symbol auf dem Dach?\nDas kennzeichnet das Gebäude als Arena.\rHier noch ein Extra-Tipp:\rDie Farbe des Symbols zeigt dir, welchen\nTyp die Pokémon des Arenaleiters haben.\rIn Blütenburg ist das Symbol grau, da\nNorman Normal-Pokémon einsetzt.\rAber Norman ist wahrscheinlich eh\nnoch zu stark für dich|;
Let's say you have six Pokémon.\nIf you catch another one|\rIt is automatically sent to a Storage Box\nover a PC connection.;Nehmen wir an, du hättest sechs Pokémon.\nWenn du jetzt ein weiteres fängst|\rwird es automatisch in das\nPokémon-Lagerungssystem gesendet.;
My face is reflected in the water.\rIt's a shining grin full of hope|\rOr it could be a look of somber silence\nstruggling with fear|\rWhat do you see reflected in your face?;Mein Gesicht spiegelt sich im Wasser|\rEin schimmerndes Lächeln der Hoffnung.\rOder ist es Ausdruck düsterer\nStille, an dem die Angst nagt|\rWas siehst du in deinem Spiegelbild?;
Where has our Wally gone?\rWe have to leave for Verdanturf Town\nvery soon|;Wohin ist unser Heiko nur gegangen?\rWir müssen doch bald nach Wiesenflur\naufbrechen|;
Even if a Pokémon is weak now,\nit will grow stronger.\rThe most important thing is love!\nLove for your Pokémon!;Auch wenn ein Pokémon jetzt noch\nschwach ist - es wird ständig stärker.\rDas Schlüsselwort heißt Liebe!\nLiebe für deine Pokémon!;
Do you use Repel?\rIt keeps Pokémon away, so it's\nuseful when you're in a hurry.;Setzt du Schutz ein?\rDas hält Pokémon fern und ist sehr\nnützlich, wenn du es eilig hast.;
Do you have any Antidotes with you?\rWhen a Pokémon is poisoned, it loses\nsome HP every turn in battle.\rTake some Antidotes with you to\ncure your poisoned Pokémon.;Hast du etwas Gegengift dabei?\rEin vergiftetes Pokémon verliert im\nKampf jede Runde ein paar KP.\rHalte deshalb stets Gegengift bereit!;
The shelves brim with all sorts of\nPokémon merchandise.;Die Regale biegen sich unter dem Gewicht\nvon Pokémon-Artikeln.;
That PC-based Pokémon Storage System|\rWhoever made it must be some kind of a\nscientific wizard!;Computerbasiertes Pokémon-Lagerungssystem|\rWer auch immer das entwickelt hat,\nmuss ein wahrer Zauberer sein!;
When my Pokémon ate an\nOran Berry, it regained HP!;Als mein Pokémon eine Sinelbeere aß,\nwurden seine KP aufgefüllt!;
There are many types of Pokémon.\rAll types have their strengths and\nweaknesses against other types.\rDepending on the types of Pokémon,\na battle could be easy or hard.;Es gibt viele Typen von Pokémon.\rJeder Typ hat seine Stärken und\nSchwächen gegenüber anderen Typen.\rJe nach Typ des Pokémon kann der\nKampf leicht oder schwer sein.;
I battled Norman once, but, whew,\nhe was way too strong.\rHow would I put it?\rI just got the feeling that he\nlives for Pokémon.;Ich bin erst einmal gegen Norman\nangetreten. Wow, war der stark!\rWie soll ich es sagen?\rIch habe den Eindruck, er lebt für\nseine Pokémon.;
Norman became our town's new\nGym Leader.\rI think he called his family over\nfrom somewhere far away.;Norman ist unser neuer Arenaleiter.\rIch glaube, er und seine Familie kommen\nvon weit her.;
There's a set of Pokémon picture books.;Eine Sammlung von Pokémon-Büchern.;
It's filled with all sorts of books.;Hier stehen jede Menge Bücher.;
Traveling is wonderful!\rWhen I was young, I roamed the seas\nand the mountains!;Reisen ist einfach wundervoll!\rAls ich noch jung war, waren die See und\ndie Berge mein Zuhause.;
Sigh|\rI wish I could go on an adventure\nwith some Pokémon|\rCrawl through some damp grass|\nClimb rocky, rugged mountains|\rCross the raging seas|\nWander about in dark caves|\rAnd, sometimes, even get a little\nhomesick|\rIt must be fabulous to travel!;Seufz|\rIch wünschte, ich könnte mit eigigen\nPokémon auf Abenteuerreise gehen|\rSich durch hohes Gras schleichen|\nSteile, zerklüftete Berge erklimmen|\rDas tosende Meer überqueren|\nDunkle Höhlen erforschon|\rUnd manchmal ein wenig Heimweh haben|\rReisen muss einfach toll sein!;
Petalburg City Pokémon Gym;Blütenburg City Pokémon-Arena;
This door appears to be locked right now.;Diese ür ist verschlossen.;
Dad: Hm?\rWell, if it isn't [PLAYER]!\nSo you're all finished moving in?\rI'm surprised that you managed to\nget here by yourself.\rOh, I see.\nYou're with your Pokémon.\rHm| Then I guess you're going to become\na Pokémon Trainer like me, [PLAYER].\rThat's great news!\nI'll be looking forward to it!;Vater: Hm?\rNa, wenn das nicht [PLAYER] ist!\nDann habt ihr also den Umzug beendet?\rIch bin überrascht, dass du ganz\nalleine hierher gefunden hast.\rOh, so ist das.\nDu bist in Pokémon-Begleitung.\rIch glaube, du wirst einmal in meine\nFußstapfen als Trainer treten, [PLAYER].\rDas sind großartige Aussichten!\nIch kann es kaum erwarten!;
Um| I|\nI'd like to get a Pokémon, please|;Äh| Ich| Ich hätte so gerne ein\neigenes Pokémon. Bitte|;
Dad: Hm? You're| Uh| Oh, right.\nYou're Wally, right?;Vater: Wie? Du| Ach| Gut.\nDu bist Heiko, nicht wahr?;
Wally: I'm going to go stay with my\nrelatives in Verdanturf Town.\rI thought I would be lonely by myself,\nso I wanted to take a Pokémon along.\rBut I've never caught a Pokémon before.\nI don't know how|;Heiko: Ich werde meine Verwandten\nin Wiesenflur besuchen.\rIch glaube, ich werde mich da einsam fühlen,\ndaher möchte ich ein Pokémon mitnehmen.\rAber ich habe noch nie eines gefangen.\nIch weiß nicht, wie das geht|;
Dad: Hm. I see.;Vater: Oh, ich verstehe|;
Dad: [PLAYER], you heard that, right?\rGo with Wally and make sure that he safely\ncatches a Pokémon.;Vater: [PLAYER], hast du das gehört?\rHilf doch bitte Heiko dabei,\nein Pokémon zu fangen.;
Wally, here, I'll loan you my Pokémon.;Heiko, hier, ich leihe dir mein Pokémon.;
Wally received Zigzagoon!;Heiko hat Zigzachs erhalten.;
Wally: Oh wow!\nA Pokémon!\rDad: Hm. I'll give you a Poké Ball, too.\nGo for it!;Heiko: Oh, wow!\nEin Pokémon!\rVater: Hm. Ich gebe dir auch diesen\nPokéball. Dann leg los!;
Wally received a Poké Ball!;Heiko hat einen Pokéball erhalten!;
Wally: Oh, wow!\nThank you!;Heiko: Oh, wow!\nDanke schön!;
[PLAYER]| Would you really come with me?;[PLAYER]| Kommst du wirklich mit mir?;
Wally: [PLAYER]|\nPokémon hide in tall grass like this, right?\rPlease watch me and see if I can\ncatch one properly.\r|Whoa!;Heiko: [PLAYER]|\nPokémon verstecken sich in hohem Gras,\nwie hier, nicht?\rBitte bleib hier und schau, ob ich beim\nFangen alles richtig mache.\r| Whoa!;
Wally: I did it| It's my|\nMy Pokémon!;Heiko: Ich habe es geschafft|\nEs gehört mir| Mein Pokémon!;
[PLAYER], thank you!\nLet's go back to the Gym!;[PLAYER], danke schön!\nLass uns zurück zur Arena gehen!;
Dad: So, did it work out?;Vater: Und? Hat es geklappt?;
Wally: Thank you, yes, it did.\nHere's your Pokémon back.\r[PLAYER], thank you for coming along with me.\rYou two are why I was able to catch\nmy Pokémon.\rI promise I'll take really good care of it.\rOh! My mom's waiting for me,\nso I have to go!\rBye, [PLAYER]!;Heiko: Danke. Ja, wunderbar.\nHier haben Sie Ihr Pokémon zurück.\rDanke, [PLAYER], dass du mich\nbegleitet hast.\rEuch beiden habe ich es zu verdanken, dass ich\nmein erstes Pokémon fangen konnte.\rIch verspreche, ich werde mich gut darum kümmern!\rOh! Meine Mama wartet sicher schon auf mich!\nIch muss nach Hause!\rBis bald, [PLAYER]!;
Dad: Now|\r[PLAYER], if you want to become a\nstrong Trainer, here's my advice.\rHead for Rustboro City beyond this town.\rThere, you should challenge\nthe Gym Leader, Roxanne.\rAfter her, go on to other Pokémon Gyms\nand defeat their Leaders.\rCollect Badges from them,\nunderstood?\rOf course, I'm a Gym Leader, too.\nWe'll battle one day, [PLAYER].\rBut that's only after you become stronger.;Vater: Nun|\r[PLAYER], wenn du ein guter Trainer werden\nwillst - hier ist mein Rat.\rGehe nach Metarost City, gleich hinter\ndiesem Ort.\rDort solltest du die Arenaleiterin\nFelizia herausfordern.\rSuche danach die anderen Pokémon Arenen\nauf und besiege deren Leiter.\rSammle die Orden der verschiedenen Arenen,\nverstehst du?\rIch bin natürlich auch ein Arenaleiter.\rAuch wir werden eines Tages\ngegeneinander antreten.\rAber erst, wenn du stärker geworden bist,\n[PLAYER].;
Dad: Hm? Aren't you going to the\nPokémon Gym in Rustboro City?\rThere's no challenge for me to\nbattle a greenhorn Pokémon Trainer.\r[PLAYER], I want you to challenge me\nwhen you become a lot stronger.\rI'll battle you, [PLAYER], when you\ncan show me four Gym Badges, okay?;Vater: Hm? Wolltest du nicht zur\nPokémon Arena in Metarost City?\rFür mich ist es keine Herausforderung,\ngegen einen Grünschnabel anzutreten.\r[PLAYER], ich möchte, dass du mich\nherausforderst, sobald du stärker bist.\rIch werde gegen dich kämpfen, [PLAYER],\nsobald du vier Orden erhalten hast, ja?;
Excuse me!\rLet me guess, from the way you're\ndressed, are you a Pokémon Trainer?;Entschuldige bitte!\rLass mich raten! Deine Kleidung verrät mir,\ndass du ein Trainer bist.\rHabe ich Recht?;
| | | | |\rWell, maybe not.\nYour clothes aren't all that dirty.\rYou're either a rookie Pokémon Trainer,\nor maybe you're just an ordinary kid.;| | | | |\rNun, vielleicht auch nicht.\nDeine Kleidung ist noch relativ sauber.\rEntweder bist du ein neuer Trainer\noder du bist nur ein ganz normales Kind.;
I'm roaming the land in search of\ntalented Pokémon Trainers.\rI'm sorry to have taken your time.;Ich reise durch das Land, immer auf der\nSuche nach talentierten Trainern.\rTut mir Leid, wenn ich dich aufgehalten habe.;
I wonder how our Wally is doing|;Ich frage mich, wie es\nunserem Heiko geht|;
Wally was really happy when he told\nus that he caught a Pokémon.\rIt's been ages since I've seen him\nsmile like that.;Heiko war so glücklich, als er uns erzählte,\ndass er ein Pokémon gefangen habe.\rIch habe ihn schon seit Ewigkeiten\nnicht mehr so glücklich erlebt!;
You're|\nAh, you must be [PLAYER], right?\rThank you for playing with Wally a\nlittle while ago.\rHe's been frail and sickly ever\nsince he was a baby.\rWe've sent him to stay with my relatives\nin Verdanturf Town for a while.\rThe air is a lot cleaner there\nthan it is here.\rWhat's that? Where's Wally?\nHe's already left, our Wally.\rI wonder where he could have gotten by now?;Du|\nAch, du bist bestimmt [PLAYER], richtig?\rDanke, dass du dich um Heiko gekümmert hast.\rEr war schon als Baby immer zart\nund kränklich.\rWir haben ihn für eine Weile zu Verwandten\nnach Wiesenflur geschickt.\rDie Luft ist dort viel sauberer als hier.\rWas heißt das? Wo ist Heiko?\nEr ist fort, unser Heiko?\rIch frage mich, wo er jetzt who sein mag?;
Wally: Thank you, yes, it did.\nHere's your Pokémon back.;Heiko: Danke. Ja, wunderbar.\nHier haben Sie Ihr Pokémon zurück.;
Dad: Is that a | Ralts|?\rI've seen many Ralts already, but this\nis the first blue one I've met.\rWally, you should treasure your new friend!;Vater: Ist das ein | Trasla|?\rIch habe schon viele Traslas gesehen, aber\ndas ist das erste blaue, das mir begegnet.\rHeiko, kümmere dich gut um deinen\nneuen Gefährten!;
Wally: I promise I'll take really good care of it.\rOh! My mom's waiting for me,\nso I have to go!\rBye, [PLAYER]!;Heiko: Ich verspreche, ich werde\nmich gut um Trasla kümmern!\rOh! Meine Mama wartet sicher schon auf mich!\nIch muss nach Hause!\rBis bald, [PLAYER]!;
Route 104\nPetalburg City [478];Route 104\nBlütenburg City [478];
If you're going to throw a Poké Ball,\nweaken the wild Pokémon first.\rIt will be even easier to catch if it;s been\npoisoned, burned, or lulled to sleep.;Bevor du einen Pokéball wirfst,\nschwäche das Pokémon zuerst.\rWenn es schläft, eine Verbrennung hat oder\nvergiftet ist, kann es leichter\ngefangen werden.;
Oh, no, I'm not a Pokémon Trainer.\rBut that's right, if Pokémon Trainers lock\neyes, it's a challenge to battle.\rIf you don't want to battle, stay out\nof their sight.;Oh, nein, ich bin kein Trainer.\rAber es stimmt schon, wenn Trainer sich in die\nAugen schauen, ist das eine\nHerausforderung zum Kampf.\rWillst du nicht kämpfen, weiche den Blicken\nder Trainer aus.;
Mr. Briney's Cottage;Hr. Bracks Hütte;
The sea, huh?\rI wonder what it's like at the bottom\nof the sea?;Das Meer, was?\rIch möchte zu gerne wissen, wie es auf dem\nMeeresgrund aussieht|;
You're a thief if you try to steal\nsomeone else's Pokémon.\rYou should throw Poké Balls\nonly at wild Pokémon.;Du bist ein gemeiner Dieb, wenn du versuchst,\ndas Pokémon eines anderen zu fangen.\rDu solltest deine Pokébälle\nnur auf wilde Pokémon werfen.;
--- Trainer Tips ---\rAny Pokémon that appears even once\nin a battle is awarded EXP Points.\rTo raise a weak Pokémon, put it at the\ntop-left of the team list.\rAs soon as a battle starts, switch it out.\nIt will earn EXP Points without taking damage.;--- Tipps für Trainer ---\rJedes Pokémon, das am Kampf teilnimmt, erhält\nErfahrungspunkte, auch wenn es nur\nkurz dabei ist.\rSetze eines deiner schwachen Pokémon\ndaher an die Spitze der Liste.\rSobald der Kampf beginnt, wechselst du es\naus. Es wird E-Punkte bekommen und\nbleibt unbeschadet.;
Sometimes, there ar things on the ground\neven if you can't see them.\rThat's why I always check where I'm walking;Manchmal liegen auf dem Boden Dinge\ndie einem auf Anhieb gar nicht auffallen.\rDaher schaue ich mich bei jedem Schritt\nsorgfältig um.;
Hmmm|\nNot a single one to be found|;Hmmm|\nKein Einziges zu finden|;
Hello, have you seen any Pokémon\ncalled Shroomish around here?\rI really love that Pokémon.;Hallo, du hast nicht zufällig einige Pokémon\nnamens Knilz hier gesehen?\rI liebe diese Pokémon einfach.;
I wanted to ambush you, but you had to dawdle\nin Petalburg Woods forever, didn't you?\rI got sick of waiting, so here I am!;Ich wollte dich eigentlich aus dem Hinterhalt\nangreifen, aber du trödelst wohl auf ewig\nim Blütenburgwald herum, oder?\rDas Warten macht mich ganz verrückt.\nAlso, hier bin ich.;
You! Devon Researcher!\rHand over those papers!;He, du! Devon-Forscher!\rHer mit den Papieren da!;
Devon Researcher: Hiyaahh!\rYou're a Pokémon Trainer, aren't you?\nYou've got to help me, please!;Devon-Forscher: Ahhh!\rDu bist ein Pokémon-Trainer, oder?\nDu musst mir bitte helfen!;
Would you like to help the Devon Researcher?;Möchtest du dem Devon-Forscher helfen?;
Hunh? What do you think you're doing?\nWhat, you're going to protect him?\rNo one who crosses Team Aqua\ngets any mercy, not even a kid!\rCome on and battle me!;Huch. Was machst du da eigentlich?\nWas?! Du schützt ihn?\rNiemand, der sich Team Aqua in den Weg stellt,\nkann auf Gnade hoffen. Niemand!\rLos, kämpfe gegen mich!;
Grunt: Grr| You've got some\nnerve meddling with Team Aqua!\rCome on and battle me again!\rI wish I could say that, but I'm out of Pokémon|\rAnd, hey, we of Team Aqua are also\nafter something in Rustboro.\rI'll let you go today!;Grrr| Du hast vielleicht Nerven, dich mit\nTeam Aqua anzulegen!\rLos, kämpfen wir noch einmal!\rHm, das würde ich jetzt nur zu gerne sagen,\naber ich habe keine Pokémon mehr|\rAußerdem sind wir, Team Aqua, eh auf dem Weg\nnach Metarost City.\rFür heute lasse ich dich daher noch\neinmal gehen|;
Whew|\nThat was awfully close!\rThanks to you, he didn't rob me of\nthese important papers.\rI know, I'll give you this Exp. All as\nmy thanks!;Huuuh|\nDas war aber mehr als knapp!\rDank dir konnte er mir diese wichtigen\nPapiere nicht rauben.\rIch weiß! Ich gebe dir diesen EP-Teiler\nals Dankeschön!;
Didn't that Team Aqua thug say they were\nafter something in Rustboro, too?;Hat dieser Schuft von Team Aqua nicht gesagt,\ndass sie etwas in Metarost City vorhaben?;
Uh-oh! It's a crisis!\nI can't be wasting time!;Oh oh! Ein Notfall!\nIch darf keine Zeit verlieren!;
Grunt: See,\nyou are just no match for me!\rAnd now, stop intervening!;Rüpel: Ich sag doch, dass du keine\nChance hast!\rUnd jetzt, aus dem Weg!;
The Team Aqua grunt stole the important\npapers from the Devon Researcher.;Der Rüpel von Team Aqua hat die wichtigen\nPapiere des Devon-Forschers gestohlen.;
Grunt: | | |\rEh, what is this?\rAre you kidding me?\rI wasted my day for these mediocre\ndrawings of| Shroomish?\rBut, hey, we of Team Aqua are also\nafter something in Rustboro.\rI'll let you go today!;Rüpel: | | |\rEh, was ist das?\rIch habe meinen ganzen Tag verschwendet,\nnur für diese Kritzeleien von | Knilz?\rAber hey, wir von Team Aqua waren eh\nauf dem Weg nach Metarost City.\rFür heute lasse ich euch also noch\neinmal davonkommen!;
Whew|\nThat was awfully close!\rI'm sorry that I got you involved in this mess|\rI know, I'll give you this Exp. All as\nmy apology!;Huuuh|\nDas war aber knapp!\rEs tut mir Leid, dass ich dich da mit\nhineingezogen habe|\rAh ich weiß. Als Entschuldigung,\nnimm bitte diesen EP-Teiler!;
Tch, trying to hide behind a kid|;Erbärmlich| Zu versuchen\nsich hinter einem Kind zu verstecken|;
Yo, there!\nYour Pokémon doing okay?\rIf your Pokémon are weak and you don't want\nto battle, you should stay out of tall grass.;Hey, du!\nGeht es deinen Pokémon gut?\rSind deine Pokémon schwach und du willst\nKämpfe vermeiden? Dann meide hohes Gras!;
--- Trainer Tips ---\rIn addition to Hit Points (HP), Pokémon have\nPower Points (PP) that are used to\nmake moves during battle.\rIf a Pokémon runs out of PP, it must be\ntaken to a Pokémon Center.;--- Tipps für Trainer ---\rNeben den Kraftpunkten (KP) besitzt ein\nPokémon auch Angriffspunkte (AP), die für\ndie Attacken im Kampf gebraucht werden.\rWenn ein Pokémon keine AP mehr besitzt, muss\nes in ein Pokémon-Center gebracht werden.;
I like filling my mouth with seeds,\nthen spitting them out fast!\rYou can have this to try it out!\rUse it on a Pokémon, and it will learn\na move for firing seeds rapidly.;Ich liebe es, meinen Mund voller Saatkören zu\nnehmen und sie dann auszuspucken.\rNimm das hier und probier es selbst!\rWende es auf ein Pokémon an und es erlernt, in\nschneller Folge Saatkörner auszuspucken.";
A word of advice!\rA TM, Technical Machine, is good for\nunlimited uses.\rIn contrast, a TR, Technical Record, is\ngood only for one-time use.;Ein Hinweis noch!\rEine TM, eine Technische Maschine, kann\nbeliebig oft eingesetzt werden.\rIm Gegensatz dazu kann eine TP, eine\nTechnische Platte, nur einmal eingesetzt\nwerden.;
Pretty Petal Flower Shop;Blütentraum Blumenladen;
--- Trainer Tips ---\rIn the Hoenn region, there are pairs\nof Trainers who challenge others\nfor 2-on-2 Pokémon battles called\nDouble Battles.\rIn a Double Battle, the Trainer must send out\ntwo Pokémon, the ones at the top of the list.\rWatch how Pokémon are lined up.;--- Tipps für Trainer ---\rIn der Hoenn-Region gibt es Paare von\nTrainern, die andere zu einem 2-gegen-2-\nPokémon-Kampf, einem Doppelkampf,\nherausfordern.\rIn einem Doppelkampf muss der Trainer\nzwei Pokémon antreten lassen:\rDie beiden Pokémon oben in der Liste.\rAchte also auf die Reihenfolge\ndeiner Pokémon.;
If you see Berries growing in loamy\nsoil, feel free to take them.\rBut make sure you plant a Berry in the\nsame spot. That's common courtesy.\rHere, I'll share this with you.;Wenn du Beeren siehst, die im Lehmboden\nwachsen, pflücke sie ruhig.\rAber pflanze eine neue Beere an der Stelle.\nDas ist einfache Höflichkeit.\rHier, das ist für dich.;
The way you look, you must be a\nPokémon Trainer, no?\rTrainers often make Pokémon hold Berries.\rIt's up to you whether to grow Berries\nor use them.;Du siehst aus wie ein Trainer.\nDu bist auch einer, stimmt's?\rTrainer geben ihren Pokémon manchmal Beeren\nzu tragen.\rEs liegt an dir, ob du Beeren pflanzt\noder verwendest.;
Route 104\n[476] Rustboro City;Route 104\n[476] Metarost City;
Rustboro City\r[129]The city probing the integration of\nnature and science.\";Metarost City\r[131]Eine Stadt im Zeichen der Integration von\nNatur und Wissenschaft.[129];
If a Pokémon has many battles, it can\nsometimes change in the way it looks.;Wenn ein Pokémon Erfahrungen im Kampf\nsammelt, kann es vorkommen, dass es\nirgendwann sein Aussehen verändert.;
A Pokémon changes shape?\nIf one did that, I would be shocked!;Ein Pokémon verändert sein Aussehen? Wenn\nes das täte, wäre ich zutiefst schockiert!;
Hello!\rThe more attention you give to flowers,\nthe more beautifully they bloom.\rYou'll like tending flowers. I'm sure of it.\nYou can have this.;Hallo!\rJe mehr du dich um Blumen kümmerst,\ndesto schöner werden sie bluhen.\rAuch du hast Blumen gerne.\nDas weiß ich ganz genau. Das ist für dich.;
While Berry plants are growing,\nwater them with the Wailmer Pail.\rOh, another thing.\rIf you don't pick Berries for a while,\nthey'll drop off onto the ground.\rBut they'll sprout again.\rIsn't that awesome?\nIt's like they have the will to live.;Nachdem du eine Beere eingepflanzt hast,\nmusst du sie mit der Wailmerkanne gießen.\rOh, und noch etwas!\rWenn du Beeren nicht pflückst, fallen\nsie zu Boden.\rAber sie werden wieder nachwachsen.\rIst das nicht unglaublich? Es ist, als\nhätten sie den Willen zu leben.;
Hello!\rThis is the Pretty Petal flower shop.\nSpreading flowers all over the world!;Hallo!\rDies ist der Blütentraum Blumenladen.\nVerwandelt die Welt in ein Blumenmeer!;
Your name is?\r[PLAYER]\nThat's a nice name.;Wie heißt du?\r[PLAYER].\nDas ist aber ein hübscher Name.;
[PLAYER], would you like to\nlearn about Berries?;[PLAYER], möchtest du etwas über\nBeeren lernen?;
Flowers bring so much happiness to people,\ndon't they?;Blumen erfreuen jedes Herz, nicht wahr?;
Berries grow on trees that thrive only\nin soft, loamy soil.\rIf you take some Berries, be sure to plant\none in the loamy soil again.\rA planted Berry will soon sprout,\ngrow into a plant, flower beautifully,\nthen grow Berries again.\rI want to see the whole wide world\nfilled with beautiful flowers.\rThat's my dream.\rPlease help me, [PLAYER]. Plant Berries\nand bring more flowers into the world.;Beeren wachsen an Bäumen, die nur in\ndunklem Lehmboden gedeihen.\rWenn du Beeren pflückst, pflanze immer\neine neue Beere in den Boden ein.\rEine gepflanzte Beere wird bald anfangen\nzu sprießen, dann mit einer hübschen\nBlüte erblühen, die bald zu einer Beere wird.\rIch würde die ganze Welt am liebsten mit\nwunderhübschen Blüten bedeckt sehen.\rDas ist mein Traum.\rBitte, hilf mir, [PLAYER]. Pflanze Beeren\nund bringe so Blüten in die Welt.;
I'm trying to be like my big sisters.\nI'm growing flowers, too!\rHere you go!\nIt's for you!;Ich versuche, so zu sein wie meine großen\nSchwestern. Ich züchte auch Blumen!\rHier, das ist für dich!;
You can plant a Berry and grow it big,\nor you can make a Pokemon hold it.\rBut now they have a machine that mixes up\ndifferent Berries and makes candies\nfor Pokémon.\rI want some candy, too.;Du kannst eine Beere pflanzen und sie\nwachsen lassen, oder du gibst sie\neinem Pokémon zum Tragen.\rUnd neuerdings kann man Beren mit einer\nMaschine zu verschiedensten Süßigkeiten\nfür Pokémon mixen.\rIch möchte auch Süßigkeiten haben.;
Wow, you have Pokémon with you, too.\rWhen I get bigger, I'm going to go\nplaces with Pokémon, too.;Wow, du hast ja auch Pokémon dabei.\rWenn ich größer bin, werde ich auch\nimmer Pokémon dabeihaben.;
Pokémon Trainers' School\rIf I go to this school, will I be able\nto catch rare Pokémon easily?;Pokémon Trainerschule!\rWenn ich auf diese Schule gehe, werde ich\nspäter seltene Pokémon fangen können?;
Did you know this?\rYou can have a 2-on-2 battle even if\nyou're not with another Trainer.\rIf you catch the eyes of two Trainers\nwhen you have two or more Pokémon,\nthey'll both challenge you.\rDon't you think it'd be cool if you\ncould beat two Trainers by yourself?;Wusstest du schon?\rDu kannst auch an 2-gegen-2-Kämpfen\nteilnehmen, wenn du allein unterwegs bist.\rTriffst du auf zwei Trainer und hast\nmindestens zwei Pokémon dabei,\nwerden sie dich beide herausfordern.\rIch finde es total cool, wenn man allein\nzwei Trainer besiegt. Meinst du nicht?;
Pokémon Trainers' School\n[129]We'll teach you anything about Pokémon\";Pokémon Trainerschule\r[131]Wir bringen dir alles über\ndie Pokémon bei[129];
Cutter's House;Haus des Zerschneiders;
I challenged the Gym Leader, but|\rIt's not going to be easy winning with my\nFire-type Pokémon|\rFire-type Pokémon don't match up\nwell against Rock-type Pokémon|;Ich habe die Arenaleiterin herausgefordert,\naber|\rEs ist nicht einfach, mit meinen\nFeuer-Pokémon zu gewinnen|\rFeuer-Pokémon haben keinen guten\nStand gegenüber Gestein-Pokémon.;
Devon Corporation\n[129]For all your living needs, we make it all.\";Devon AG\n[131]Alles, was man im Leben braucht -\nwir stellen es her.[129];
Have you taken the Pokémon Gym challenge?\rWhen you get that shiny Gym Badge\nin hand, I guess Trainers begin to\nrealize what is required of them.;Hast du schon die Herausforderung der\nPokémon Arena angenommen?\rIch glaube, wenn sie den glänzenden Orden\nder Arena in der Hand halten, wird den\nTrainern klar, was von ihnen erwartet wird.;
The Devon Corporation|\nWe all just shorten it to Devon.\rThat company makes all sorts of\nconvenient products.;Die Devon Aktiengesellschaft|\nWir nennen sie kurz Devon.\rDie Firma stellt viele praktische Dinge her.;
Ah, the sea|\nHow I miss the sea|\rThe crushing waves below|\nThe restless sun above|\rHow I wish I could experience that\nonce again|;O, die See|\nWie vermisse ich doch die See|\rVon unten die schmetternden Wellen|\nVon oben die gleißende Sonne|\rWie ich mir doch wünsche, das noch\neinmal erleben zu dürfen|;
Would you like to offer your\nWishing Charm to the old man?;Möchtest du dem alten Mann\ndeinen Wunschpin geben?;
Haha, thank you, but I can't accept\nsomething so precious.\rBesides, it would be wasted on such\nan old man as myself|\rMy days as a sailor are long,\nlong gone, kid|\r| | | | |\rBut that reminds me, you look like\na fine Pokémon Trainer.\rPerhaps this Old Sea Map is of\ninterest to you|;Haha, danke, aber das kann ich\nnicht annehmen.\rBei einem alten Kauz wie mir\nwäre das reinste Verschwendung.\rMeine Tage als Segler sind lange,\nlange vorbei, Kind|\r| | | | |\rAber, das erinnert mich an etwas.\nDu siehst wie ein vorzüglicher Trainer aus.\rVielleicht findest du hierdran gefallen|;
Back in the day, I always tried to\nfind the place marked on the map,\nbut I never succeeded.\rBut you look like someone who is\nblessed with more luck than me|;Damals habe ich immer versucht,\nden Ort auf der Karte zu finden.\rAber ich war nie erfolgreich.\rAber du siehst aus, als hättest du\nmehr Glück als ich|;
[129]Timesaving tunnel nearing completing\"\r|Is what it says on the sign, but there's\nalso a big [129]X\" splashed across it|;[131]Zeitersparnis durch Tunnel -\nProjekt steht vor der Fertigstellung![129]\r| Das steht auf dem Schild, aber darüber\nwurde ein großes [131]X[129] gemalt|;
Route 115\n[477] Rustboro City;Route 115\n[477] Metarost City;
Exploring a cave isn't like walking on a road.\rYou never know when wild Pokémon will appear.\nIt's full of suspense.;Höhlenforschung ist nicht mit einem Spazier-\ngang auf einer Straße zu vergleichen.\rDu weißt nie, wann ein wildes Pokémon\nauftaucht. Du bist immer angespannt.;
Route 116\n[475] Rustboro City;Route 116\n[475] Metarost City;
--- Trainer Tips ---\rIf you want to stop a Pokémon from evolving,\npress the B Button while it is trying to evolve.\rThe startled Pokémon will stop.\rThis is called an evolution cancel.;-- Tipps für Trainer ---\rWenn du die Entwicklung eines Pokémon stoppen\nwillst, musste du den B-Knopf drücken,\nwährend es sich entwickeln will.\rDas Pokémon entwickelt sich dann nicht.\nDas nennt man Entwicklungsstopp.;
Hello? Didn't we meet before?\nI think back in Petalburg City.\rLet me introduce myself.\nMy name's Scott.\rI've been traveling everywhere in\nsearch of outstanding Trainers.\rMore specifically, I'm looking for\nPokémon battle experts.\rSo, what brings you to this School?\nAre you a Trainer, too?\rThe first thing you should do is to\nhave a Pokémon learn the move Cut.\rIf I remenber correctly, someone in\nthis town has the HM for Cut.;Hallo? Haben wir uns nicht schonnmal gesehen?\nIch glaube, das war in Blütenburg City?\rIch will mich mal vorstellen.\nMein Name ist Scott.\rIch reise durch die Lande, auf der Suche\nnach herausragenden Trainern.\rGenauer gesagt bin ich auf der Suche\nnach Experten des Pokémon-Kampfes.\rWas machst du in dieser Trainerschule?\nBist du auch ein Trainer?\rAls Erstes solltest du einem Pokémon die\nAttacke Zerschneider beibringen.\rUnd wenn ich mich recht erinnere, besitzt\njemand in diesem Ort die VM Zerschneider.;
Scott: Hmm|\rThe talent levels of the students here are\nunknown. The potentiel's there.;Scott: Hmm|\rWie viel Talent wohl in den Schülern hier\nsteckt? Das ist völlig unklar.;
It's this student's notebook|\rPokémon are to be caught using Poké Balls.\rUp to six Pokémon can accompany\na Pokémon Trainer.\rA Trainer is someone who catches Pokémon,\nraises them, and battles with them.\rA Trainer's mission is to defeat the strong\nTrainers who await challengers\nin Pokémon Gyms.;Das ist das Heft dieses Schülers|\rPokémon werden mit Pokébällen gefangen.\rBis zu sechs Pokémon können\nden Trainer begleiten.\rEin Trainer ist jemand, der Pokémon fängt,\nsie aufzieht, und mit ihnen kämpft.\rDie Aufgabe eines Trainers ist es, die starken\nTrainer zu besiegen, die in ihn\nin Arenen erwarten.;
Students who don't study get a little taste\nof my Quick Claw.\rWhether or not you are a good student will be\nevident from the way you use this item.;Schüler, die nicht aufpassen, bekommen\nmeine Flinkklaue zu spüren.\rWie du dieses Item einsetzt, zeigt, ob du ein\nguter Schüler bist oder nicht.;
A Pokémon holding the Quick Claw will\noccasionally speed up and get to move\nbefore its opponent.\rThere are many other items that are meant\nto be held by Pokémon.\rJust those alone will give you\nmany topics to study!;Ein Pokémon, das eine Flinkklaue trägt,\nsteigert seine Schnelligkeit und greift\neventuell vor seinem Gegner an.\rEs gibt noch viele andere Items, die von\neinem Pokémon getragen werden können.\rDu kannst also noch viel lernen.;
I always wanted a Seedot, and\nI'm finally getting one!;Ich wollte schon immer ein Samurzel haben -\nund endlich habe ich eines!;
I'm trading Pokémon with my friend right now.;Ich tausche gerade mit meinem\nFreund Pokémon.;
You know how some Pokémon moves can\nconfuse a Pokémon?\rA confused Pokémon will sometimes\nattack itself without meaning to.\rBut once it leaves battle, it will\nreturn to normal.;Weißt du, das man mit einigen Pokémon-Attacken\nein Pokémon verwirren kann?\rEin verwirrtes Pokémon wird sich manchmal\nselber verletzen ehne es zu wollen.\rAber sobald es aus dem Kampf genommen wird,\nist es wieder normal.;
Pokémon can hold items, but they\ndon't know what to do with man-made items\nlike Potion and Antidote.;Pokémon können Items tragen, aber sie wissen\nnicht, was sie mit Items von Menschen wie\nTrank oder Gegengift anfangen sollen.;
A Pokémon holding a Berry will heal itself|\rThere are many kinds of items that\nPokémon can hold|\rBoy, it sure is hard taking notes down|;Ein Pokémon, das eine Peere trägt,\nwird sich selber heilen|\rEs gibt viele Items, die ein Pokémon\ntragen kann|\rJunge, Junge, ist das alles schwer zu merken|;
That determined expression|\nThat limber way you move|\rAnd your well-trained Pokémon|\rYou're obviously a skilled Pokémon Trainer!\rNo, wait, don't say a word.\nI can tell just by looking at you.\rI'm sure that you can put this\nHidden Machine to good use.\rNo need to be modest or shy.\nGo on, take it!;Diese Entschlossenheit|\nDeine Beweglichkeit|\rDeine Hingabe für Pokémon|\rDu bist wirklich ein talentierter Trainer!\rNein, warte. Sag jetzt nichts.\nIch brauche dich nur anzuschauen.\rIch bin mir sicher, dass du mit dieser VM\nsehr gut umgehen wirst.\rKein Grund, so schüchtern zu sein.\nHier nimm sie!;
That Hidden Machine, or HM for short, is Cut.\rAn HM move is one that can be used\nby Pokémon outside of battle.\rAny Pokémon that's learned Cut can\nchop down thin trees if the Trainer\nhas earned the Stone Badge.;Diese VM, oder Versteckte Maschine,\nsie enthält Zerschneider.\rEine VM-Attacke kann außerhalb des Kampfes\nvon einem Pokémon eingesetzt werden kann.\rJedes Pokémon, das diese Attacke gelernt\nhat, kann kleine Bäume damit zerschneiden,\nwenn der Trainer den Steinorden besitzt.;
When they were expanding the city of\nRustboro, my dad helped out.\rHe made his Pokémon use Cut to clear\nthe land of trees.;Als sie die Stadt Metarost City vergrößert\nhaben, hat mein Vater ihnen geholfen.\rSeine Pokémon fällten die Bäume\nmit Zerschneider.;
Oh, Who might you be?\nYou're a new face around these parts.\rHave you just transferred into the\nPokémon Trainers' School?;Oh? Wer magst du wohl sein?\nEin neues Gesicht in dieser Gegend.\rBist du gerade in die Pokémon\nTrainerschule gekommen?;
The man next door gave me an HM!\rI used it to teach my Pokémon how to\nCut down skinny trees.;Der Mann nebenan hat mir eine VM gegeben!\rIch habe meinem Pokémon beigebracht,\ndamit kleinere Bäume zu zerschneiden.;
My Pokémon has a Naive nature, and my\nfriend's has a Jolly nature.\rIt's fascinating how Pokémon\nhave personalities!;Mein Pokémon hat ein naives Wesen und\ndas meines Freundes ein fröhliches.\rEs ist faszinierend, dass Pokémon\nunterschiedliche Persönlichkeiten haben.;
The old sailor Mr. Briney lives in a\ncottage by the sea.\rHe goes for walks in the tunnel\nevery so often.;Der alte Seebär Hr. Brack lebt in einer\nHütte am Meer.\rEr geht sehr oft in dem Tunnel spazieren.;
My Pokémon evolved.\nIt has a lot of HP now.\rI should buy Super Potions for it\ninstead of ordinary Potions.;Mein Pokémon hat sich entwickelt.\nEs hat jetzt sehr viele KP.\rIch sollte nun einige Supertränke\nanstelle der normalen Tränke kaufen.;
I'm getting an Escape Rope just in case\nI get lost in a cave.\rI just need to use it to get back to\nthe entrance.;Ich habe mir ein Fluchtseil besorgt, falls\nich mich mal in einer Höhle verlaufe.\rDamit kann ich zurück zum Eingang der\nHöhle gelangen.;
I'm buying some Paralyze Heals and\nAntidotes.\rJust in case I run into Shroomish\nin Petalburg Woods.;Ich habe einige Para-Heiler und etwas\nGegengift gekauft.\rNur für den Fall, dass mir ein Knilz\nim Blütenburgwald begegnet.;
I'm sorry, only authorized people\nare allowed to enter here.;Entschuldigung, aber ab hier haben\nnur autorisierte Personen Zutritt.;
Hello and welcome to the\nDevon Corporation.\rWe're proud produces of items and\nmedicine that enhance your life.;Hallo und Willkommen bei der\nDevon AG.\rWir sind stolz, Medizin und Items zu entwickeln,\ndie das Leben bereichern.;
Yo, how's it going?\rListen, my friend!\nWould you like to become the Champion?\rI'm no Trainer, not me, but I can\nsure give you winning advice.\rThat's settled, then! We'll aim for the\nPokémon Championship together!\rIt's your job as a Trainer to collect\nGym Badges, am I right?\rBut Gym Leaders aren't pushovers!\rAnd that's where I come in!\nI'm here to provide expert advice!\rRoxanne, the Gym Leader, is a user of\nRock-type Pokémon.\rThe Rock type is very durable, but it can't\nstand Water-type and Grass-type moves.\rCome and see me afterwards, if you beat\nthe Gym Leader.\rWell, go for it!;Hi, wie geht's?\rHör zu, mein Freund!\nWürdest du gerne Champ werden?\rIch bin kein Trainer. Ich nicht.\rAber ich kann dir trotzdem einen\nnützlichen Rat geben.\rAlso abgemacht!\rWir werden zusammen nach der\nPokémon Meisterschaft streben!\rAls Trainer musst du die Orden der\nArenen sammeln, habe ich Recht?\rAber die Arenaleiter sind nicht gerade\neinfach zu besiegen!\rUnd hier komme ich ins Spiel!\nIch werde dir einen Expertentipp geben!\rFelizia, die Arenaleiterin, setzt\nGestein-Pokémon ein.\rEin Gestein-Pokémon ist sehr zäh, hat aber\ngegen Wasser- und Pflanzen-Attacken keine Chance.\rKomm wieder vorbei, wenn du die\nArenaleiterin besiegt hast.\rHuh zeig, was du drauf hast!;
Whoa! What a breathtaking victory!\nMy cheering must've worked!\rGreat!\nCheck your Trainer's Card.\rThe Stone Badge you got should be\nproperly recorded on it.\rIn other words|\rYou've climbed the first step on\nthe stairs to the Championship!\rThat's got to feel awesome!;Hui! Was für ein atemberaubender Sieg!\nMeine Zurufe müssen gewirkt haben!\rGroßartig!\nSchau mal auf deinen Trainerpass.\rDer Steinorden, den du gerade bekommen\nhast, müsste dort schon vermerkt sein.\rNun hast du den ersten Schritt\nzur Meisterschaft erfolgreich absolviert!\rEin großartiges Gefühl!;
Hello, I am Roxanne, the Rustboro\nPokémon Gym Leader.\rI became a Gym Leader so that I might\napply what I learned at the Pokémon\nTrainers' School in battle.\rWould you kindly demonstrate how you battle,\nand with which Pokémon?;Hallo, ich bin Felizia, die Leiterin der\nArena von Metarost City.\rIch wurde Arenaleiterin, um mein Wissen\naus der Pokémon Trainerschule anzuwenden.\rWürdest du mir bitte zeigen, wie du\nkämpfst und mit welchen Pokémon?;
The Pokémon League's rules state that\nTrainers are to be given this Badge\nif they defeat a Gym Leader.\rPlease accept the official\nPokémon League Stone Badge.;Die Regeln der Pokémon Liga schreiben\nvor, dass Trainer, die einen Arenaleiter\nbesiegt haben, diesen Orden erhalten.\rBitte nimm den offiziellen Pokémon Liga\nSteinorden an!;
The Stone Badge enables your Pokémon to\nuse the HM move Cut outside of battle.\rFurther, now that you have a Gym Badge,\nstronger wild Pokémon will approach you.\rThis TM here may help you\nwhen battling them.;Der Steinorden ermöglicht deinen Pokémon,\ndie VM Zerschneider auch außerhalb eines\nKampfes einzusetzen.\rAußerdem wirst du jetzt stärkeren\nPokémon begegnen.\rDies möchte ich dir auch noch geben.;
That Technical Machine, TM48,\ncontains Rock Tomb.\rIt not only inflicts damage by dropping\nrocks, it also lowers Speed.\rIf you use a TM, it instantly teaches\nthe move to a Pokémon.\rRemember, you can use a TM as often as you\nlike, so try to experiment a little bit.;Diese Technische Maschine, TM48,\nenthält Felsgrab.\rSie richtet nicht nur Schaden an,\nsondern senkt auch die Initiative.\rSobald du eine TM aktivierst, wird die\nAttacke einem Pokémon beigebracht.\rVergiss nicht, du kannst eine TM beliebig\noft einsetzen. Sei also experimentierfreudig!;
Since you are so strong, you should\nchallenge other Gym Leaders.\rBy battling many Trainers, you should\nlearn many things.;Da du so stark bist, solltest du auch die\nanderen Arenaleiter herausfordern.\rDu lernst wertvolle Dinge dazu, wenn du\ngegen viele Trainer antrittst.;
Rustboro City Pokémon Gym;Metarost City Pokémon-Arena;
[RIVAL]: Oh hey, [PLAYER]!\nYou're challanging the Pokémon Gym?\rThen let me see how strong you have\nbecome since we last battled!;[RIVAL]: Oh hi, [PLAYER]!\nDu versuchst dich an der Pokémon-Arena?\rDann zeig mal, wie stark du inzwischen bist!;
[RIVAL]: That was nice!\nYou sure became strong fast, [PLAYER].\rBy the way, [PLAYER], how's you PokéDex?\nHave you filled in any pages yet?\rMine rules.\rAnyways, I gotta keep going.\nSo, see ya, [PLAYER]!;[RIVAL]: Das war toll!\nDu bist schon schnell gut geworden, [PLAYER].\rSo nebenbei, [PLAYER], was macht dein\nPokéDex? Schon ein paar Seiten gefüllt?\rMeiner? Der ist klasse!\rWie auch immer, ich muss weiter.\nAlso dann, bis bald [PLAYER]!;
Tunneler's Rest House;Berggasthaus;
Rusturf Tunnel\n[129]Linking Rustboro and Verdanturf\"\r[129]The tunnel project has been canceled.\";Metaflurtunnel\n[131]Verbindet Metarost City und Wiesenflur.[129]\r[131]Das Tunnelproject wurde abgebrochen.[129];
Nnn| Roar!\rI want to dig that tunnel!;Nnn| Brüll!\rIch will diesen verdammten Tunnel graben!;
Get out!\nOut of the way!;Geh weg! Aus dem Weg!;
Wait! Pleeeaaase!\rDon't take my Goods!;Warte! Waaaaarte doch! Bitte!\rDu kannst doch nicht einfach meine\nWaren stehlen!;
Oh, it's you!\rYou're that fantastic Trainer who\nhelped me in Petalburg Woods!\rHelp me! I was robbed by Team Aqua!\nI have to get the Devon Goods back!\rIf I don't|\nI'm going to be in serious trouble.;Oh, du bist das!\rDu bist dieser großartige Trainer, der\nmir im Blütenburgwald geholfen hat.\rHilf mir! Team Aqua hat mich ausgeraubt!\nIch muss die Devon-Waren zurückbekommen.\rWenn ich sie nicht bekomme|\ndann habe ich ein riesiges Problem.;
That shady character, I think he took\noff towards the tunnel over there.;Ich glaube, dieser zwielichtige Typ ist\nin Richtung Tunnel gelaufen.;
Nnn| Roar!\nWhat's going on?\rI was digging the tunnel without\nany tools when some goon ordered me out!\rThat tunnel's filled with Pokémon\nthat react badly to loud noises.\rThey could cause an uproar.\rThat's why we stopped using heavy\nequipment for tunneling|\rI'm worried that the goon will do something\nstupid and startle the Pokémon into\nan uproar.;Nnn| Brüll|\nWas ist hier los?\rIch war dabei, einen Tunnel ohne Werkzeug\nzu graben, als so ein Idiot mich verjagt hat!\rDieser Tunnel ist voller Pokémon, die\nsensibel auf Lärm reagieren.\rSie können einen Aufruhr veranstalten.\rDaher arbeiten wir ohne schwere Maschinen an dem Tunnel|\rIch befürchte, dieser Idiot wird etwas\nDummes tun und die Pokémon in Aufruhr versetzen.;
--- Trainer Tips ---\rYour Bag has several Pockets.\rItems you obtain are automatically\nplaced in the appropriate Pockets.\rNo Trainer can afford to be\nwithout a Bag of their own.;--- Tipps für Trainer ---\rDein Beutel hat mehrere Taschen.\rItems werden automatisch in die dafür\nvorgesehene Tasche gelegt.\rKein Trainer kann auf einen eigenen\nBeutel verzichten.;
Oh, neat!\nThat's the Badge from Rustboro Gym!\rYou must be a Trainer.\nYou should try using this item.;Oh, hübsch! Das ist der Orden \nder Arena in Metarost City!\rDu siehst wie ein Trainer aus.\nDann musst du dieses Item ausprobieren.;
It's a Miracle Seed.\rIf a Pokémon holds that item, its Grass-type\nmoves become stronger.\rBesides Miracle Seed, I think there are other\nconvenient items for Pokémon to hold.;Das ist eine Wundersaat.\rWenn ein Pokémon sie trägt, werden\nseine Pflanzen-Attacken stärker.\rNeben der Wundersaat gibt es noch andere\nItems, die von Pokémon getragen werden\nkönnen.;
Dad: I see| So, you've beaten\nthe Gym Leader in Rustboro City.\rBut there are many more Trainers\nwho are stronger than you, [PLAYER].\rAcross the sea in Dewford Town is a\nGym Leader named Brawly.\rYou should challenge him.;Vater: Oh, ich sehe schon| Du hast die\nArenaleiterin von Metarost City besiegt.\rAber es gibt weitere Trainer, die\nstärker sind als du, [PLAYER].\rWenn du das Meer überquerst,\nkommst du nach Faustauhaven.\rDort triffst du auf den\nArenaleiter Kamillo.\rDu solltest ihn wirklich herausfordern|;
Better get going|;Ich beeile mich besser|;
The sandstorm is too strong. It's impossible to keep going.;Der Sandsturm wütet zu stark. Ein Weiterkommen ist unmöglich.;
--- Trainer Tips ---\rAdvice on catching Pokémon with a Rod:\nPress the A Button if you get a bite.;--- Tipps für Trainer ---\rHinweis zum Fangen von Pokémon mit der Angel:\nDrücke A, wenn eines anbeißt.;
Dewford Town\n[129]A tiny island in the blue sea.[130];Faustauhaven\n[131]Eine kleine Insel im blauen Meer.[129];
Dewford Hall\n[129]Everyone's information exchange![130];Faustauhaven-Halle\n[131]Die Informationsbörse für jedermann![129];
--- Trainer Tips ---\rPokémon at the same level may not\nalways have identical stats.\rPokémon raised by Trainers are said\nto grow stronger than wild Pokémon.;--- Tipps für Trainer ---\rPokémon mit dem gleichen Level haben nicht\nunbedingt identische Statuswerte.\rPokémon, die von Trainern aufgezogen\nwerden, wachsen schneller als wilde\nPokémon.;
Seashore House\n[129]May hot battles rage on hot sands![130];Strandhaus\n[131]Heiße Kämpfe auf heißem Sand![129];
Slateport Market\n[129]Unique items found nowhere else![130];Graphitport City Markt\n[131]Einzigartige Items, so nur hier![129];
Stern's Shipyard\n[129]Wanted: A sailor capable of sailing\nin all currents.[130];Briggwerft\n[131]Gesucht: Ein erfahrener Seemann,\nder die Gefahr nicht scheut.[129];
[129]The endless sea sustains all life.[130]\nOceanic Museum;Ozeanmuseum\n[131]Das unendliche Meer erhält alles Leben.[129];
Pokémon Fan Club\n[129]Calling all fans of Pokémon![130];Pokémon-Fanclub\n[131]Wir rufen all Fans der Pokémon![129];
Battle Tent Slateport Site\n[129]Find it! The ultimate Pokémon![130];Kampfcamp Graphitport City\n[131]Finde es! Das ultimative Pokémon![129];
Name Rater's House\n[129]Pokémon nicknames rated.[130];Haus des Namenbewerters\n[131]Bewertung von Pokémon-Kosenamen.[129];
Slateport City\n[129]The port where people and Pokémon meet.[130];Graphitport City\n[131]Der Hafen, an dem sich Menschen\nund Pokémon begegnen.[129];
Slateport Harbor\n[129]The ferry S.S. Tidal is under\nconstruction in the Shipyard.[130];Graphitport Hafen\n[131]Die Fähre MS Tide ist noch im Bau.[129];
Route 110\n[477] Slateport City;Route 110\n[477] Graphitport City;
Seaside Cycling Rode;Küstenradweg;
Route 110\n[475] Route 103;Route 110\n[475] Route 103;
[129]Three steps [478] and two steps [476]\nto reach the wondrous Trick House.[130];[131]Drei Schritte [478] und zwei Schritte [476]\nbis zum wundersamen Rätselhaus.[129];
Seaside Parking;Küstenparkplatz;
--- Trainer Tips ---\rThe items in the Bag can be sorted\nby pressing Select.;--- Tipps für Trainer ---\rDie Items in deinem Beutel können\nmit Select sortiert werden.;
--- Trainer Tips ---\rThe foe can be made helpless by\nparalyzing it or causing it to sleep.\rIt is an important technique for\nPokémon battles.;--- Tipps für Trainer ---\rDer Gegner kann paralysiert oder in Schlaf\nversetzt werden und ist damit wehrlos.\rDas sind wichtige Techniken in einem\nPokémon-Kampf.;
Team Aqua was here.;Team Aqua war hier.;
Route 110\n[476] Mauville City;Route 110\n[476] Malvenfroh City;
Rydel's Cycles\n[129]Ride in gravel and shake up your soul![130];Rydel-Radladen\n[131]Radle im Dreck und erwecke deine Seele.[129];
Mauville City\n[129]The bright and shiny city of fun![130];Malvenfroh City\n[131]Die strahlende Stadt der Freude![129];
Mauville Game Corner\n[129]The play spot for all![130];Malvenfroh-Spielhalle\n[131]Die Spielhalle für alle![129];
Pokémon Day Care\n[129]Let us raise your Pokémon.[130];Pokémon-Pension\n[131]Lass uns teine Pokémon aufziehen.[129];
Route 117\n[478] Mauville City;Route 117\n[478] Malvenfroh City;
Route 117\n[475] Verdanturf Town;Route 117\n[475] Wiesenflur;
Battle Tent Verdanturf Site\n[129]Feast Your Eyes on Battles![130];Kampfcamp Wiesenflur\n[131]Wo Kämpfe eine Augenweide sind.[129];
Verdanturf Town\n[129]The windswept highlands with the\nsweet fragrance of grass.[130];Wiesenflur\n[131]Das vom Wind gestreichelte Hochland\n mit dem süßen Duft von Grases.[129];
Wanda's House;Heikes Haus;
Route 111\n[477] Mauville City;Route 111\n[477] Malvenfroh City;
[478] Trainer Hill Entrance\n[129]Scale the heights, you hot-blooded Trainers![130];[478] Eingang Trainerberg\n[131]Erklimm den Gipfel, heißblütiger Trainer![129];
[129]Our family's hearts beat as one![130]\nThe Winstrate's House;Das Haus der Sihgers\n[131]Die Herzen unserer Familie schlagen im Einklang![129];
--- Trainer Tips ---\rOne of the indicators of a Pokémon's\npowerfulness is Sp. Atk. It stands for\n[129]Special Attack.[130]\rLikewise, Sp. Def stands for [129]Special Defense.[130];--- Tipps für Trainer ---\rEin Indikator für die Stärke eines\nPokémon ist der Sp. Ang. Das steht für\n[131]Spezial Angriff[130].\rSp. Ver steht für [131]Spezial\nVerteidigung[130].;
Route 111\n[475] Route 112;Route 111\n[475] Route 112;
Old Lady's Rest Stop\n[129]Come in and rest your tired bones.[130];Hotel der Alten Dame\n[131]Komm, ruh deine müden Knochen aus.[129];
Route 111 [478]\n[475] Route 113;Route 111 [478]\n[475] Route 113;
DA|G|R! Vio|nt Po|ém|\nDo n|t |y to ca|t|h t|m|\rThe text is barely readable|;AC|T|G! Ge|hrl|ch| Pok|m|\nNic| ver|ch|n z| f|g|n!\rDer Text ist kaum zu entziffern.;
Mt. Chimney Cable Car\n[129]A short walk [476] way![130];Seilbahn zum Schlotberg\n[131]Ein kurzer Weg nach [476]![129];
Mt. Chimney\n[129]For Lavaridge Town or the summit,\nplease take the Cable Car.[130];Schlotberg\n[131]Bad Lavastadt oder den Gipfel\nerreichen Sie mit der Seilbahn.[129];
Route 112 [478]\n[475] Lavaridge Town;Route 112 [478]\n[475] Bad Lavastadt;
Lavaridge Town\n[129]Pokémon Center Hot Springs\nAn excellent place for relaxing![130];Bad Lavastadt\n[131]Pokémon-Center - Heiße Quellen\nDer ideale Ort zum Entspannen![129];
Pokémon Herb Shop\n[129]Bitter taste--better cure![130];Pokémon Kräuterladen\n[131]Bitterer Geschmack - Bessere Kur![129];
[475] Route 113\nRoute 111 [478];[475] Route 113\nRoute 111 [478];
--- Trainer Tips ---\rYou may register one of the Key Items\nin your Bag as Y\rSimply press Y to use\nthe registered item conveniently.;--- Tipps für Trainer ---\rDu kannst eines deiner Basis-Items in\ndeinem Beutel auf Y legen.\rDurch Drücken von Y kannst du so\nganz bequem das Item einsetzen.;
Glass Workshop\n[129]Turning Volcanic Ash into Glass Items[130];Glaswerkstatt\n[131]Glasdekor aus Vulkanasche.[129];
[129]| Po|émo| |nd | nat|r|[130]\n| L|ke a|h|\rThe sign seems to be very old|;[131]| Pok|mon |nd | Nat|[129]\n| See vor|\rDas Schild scheint sehr alt zu sein|;
--- Trainer Tips ---\r;--- Tipps für Trainer ---\r;
\n[129][130];\n[131][129];
Route 117\n[475];Route 117\n[475];
