No data.;Keine Daten.;
Faraway Place;Entfernter Ort;
Unknown;Unbekannt;
%s Use %s?;%s Möchtest du %s nutzen?;
The repel wore off.;Der Schutz ist aufgebraucht.;
Just an old Poké Ball|;Doch nur ein alter Pokéball|;
You fished a Pokémon!;Du hast ein Pokémon geangelt!;
Map border.\nReturn, or you\nwill get lost!;Ende der Kartendaten.\nKehr um, sonst\nverirrst du dich!;
Something's on the hook!;Da ist etwas am Haken!;
It disappeared|;Es ist entkommen|;
%s used %s!;%s setzt %s ein!;
Items;Items;
Medicine;Heilitems;
TM/HM;TM/VM;
Berries;Beeren;
Key Items;Basis-Items;
Firmness: %s;Güte: %s;
Hard;Hart;
Soft;Weich;
Super hard;Steinhart;
Super soft;Sehr weich;
Very hard;Sehr hart;
Normal;Normal;
Size:%4.1fcm;Größe:%4.1fcm;
Spicy;Scharf;
Dry;Trocken;
Sweet;Süß;
Bitter;Bitter;
Sour;Sauer;
Type;Typ;
Categ.;Kateg.;
PP;AP;
Strength;Stärke;
Accuracy;Genauigkeit;
Egg;Ei;
Already learned;Bereits erlernt;
Possible;Erlernbar;
Not possible;Nicht erlernbar;
Level %3d\n%3d/%3d HP;Level %3d\n%3d/%3d KP;
Level %3d\nFainted;Level %3d\nBesiegt;
Possible;Möglich;
Not possible;Nicht möglich;
No item;Kein Item;
No items;Keine Items;
Give;Geben;
Apply;Anwenden;
Register;Registrieren;
Use;Einsetzen;
Toss;Wegwerfen;
Select a move!;Welche Attacke?;
Used %s.;%s eingesetzt.;
What?\n%s is evolving!;Nanu?\n%s entwickelt sich!;
Congratulations! Your %s\nevolved into %s!;Glückwunsch! Dein %s\nwurde zu einem %s!;
It would be wasted|;Es würde keine Wirkung haben|;
%s already has an item.\nSwap the items?;%s trägt bereits ein Item.\nSollen die Items getauscht werden?;
You can't choose this item.;Dieses Item kann nicht ausgewählt werden.;
Choose %s?;%s auswählen?;
Do what with %s?;Was tun mit %s?;
You can't use that right now.;Das kann jetzt nicht eingesetzt werden.;
Pokémon team;Pokémon-Team;
Cache;Zwischenablage;
All boxes;Alle Boxen;
New name for box %s;Name für Box %s;
Repel activated.;Schutz eingesetzt.;
Super Repel activated.;Superschutz eingesetzt.;
Max Repel activated.;Top-Schutz eingesetzt.;
Exp. All deactivated.;EP-Teiler ausgeschaltet.;
Exp. All activated.;EP-Teiler eingeschaltet.;
Coins: %lu.;Münzen: %lu.;
BP: %lu.;Kampfpunkte: %lu.;
TOUCH TO START;BERÜHRE, UM ZU STARTEN;
Continue;Weiter;
New Game;Neues Spiel;
Special Episodes;Spezialepisoden;
Import Save;Spiel-Import;
Continue your adventure;Setze dein Abenteuer fort;
Start a new adventure;Starte ein neues Abenteuer;
Learn your companion's stories;Erfahre mehr über deine Begleiter;
Revive myths of old;Setze alte Abenteuer fort;
This slot contains a saved game.\nOverwrite it?;Es existiert bereits ein Spielstand.\nSoll dieser überschrieben werden?;
Yes;Ja;
No;Nein;
(empty);(leer);
Transfer;Transfer;
Special;Spezial;
The language is set to English.\nChoose a different language?;Die aktuelle Sprache ist Deutsch.\nSprache wechseln?;
You put the %s\ninto the [%hu] %s bag.;%s bei den\n[%hu] %s verstaut.;
Stored %s %s;%s %s in der;
Stored %s;%s in der;
Stored %3d %s;%3d %s in der;
The scent vanished|;Der Duft verstrich wirkungslos|;
PokéNav;PokéNav;
 Would you like to save your progress?; Möchtest du deinen Fortschritt sichern?;
Saving a lot of data| Don't cut the power.\n%s;Speichere eine Menge Daten| Nicht abschalten.\n%s;
Saving complete!;Speichern erfolgreich!;
An error occured.\nProgress not saved.;Es trat ein Fehler auf\nSpiel nicht gesichert.;
No %s available.\nRemove the icon?;Kein Exemplar des Items\n%s vorhanden.\nIcon entfernen?;
Recently used items\nwill appear here.;Hier erscheinen zuletzt\neingesetzte Items.;
You can register an item to the Y button.;Du kannst ein Item auf Y registrieren.;
%s used %s!;%s setzt %s ein!;
You can't use this\nmove right now.;Diese Attacke kann jetzt\nnicht eingesetzt werden.;
Took %s\nfrom %s.;%s von\n%s verstaut.;
%s already\nknows %s!;%s beherrscht\n%s bereits!;
%s learned\n%s!;%s erlernt\n%s!;
%s already knows 4 moves. Forget a move?;%s kennt bereits 4 Attacken. Soll eine verlernt werden?;
Select a move!;Welche Attacke?;
%s can't\nforget %s!;%s kann\n%s nicht vergessen!;
%s can't\nlearn %s!;%s kann\n%s nicht erlernen!;
%hhu badges;%hhu Orden;
Pick a language;Wähle eine Sprache;
Choose an episode;Wähle eine Speizalepisode;
Welcome to Special Episode 0:\nDeveloper's Heaven.;Willkommen zur Spezialepisode 0:\nDeveloper's Heaven;
In this episode, you will gain\nthe mighty powers of the\ndev himself.;In dieser Episode erhältst du\ndie Fähigkeiten des Entwicklers.;
Do whatever you want.;Mach damit, was immer du möchtest.;
Do you want to import your\nsave from the GBA game?;Möchtest du deinen Spielstand\nvon dem GBA-Modul auf dem DS\nfortsetzen?;
Importing a save file will\ncopy all Pokémon and items\nfrom the GBA game.;Beim Importieren werden alle\nPokémon und Items vom\nGBA-Modul kopiert.;
Further, you will start at\nthe same position as you\nleft off in the GBA game.;Du wirst das Spiel an der\nselben Stelle wie auf dem\nGBA-Modul fortsetzen.;
No data will be written to\nthe GBA Game Pak.;Es werden keine Daten auf\ndas GBA-Modul geschrieben.;
However, proceed at your\nown risk.;Trotzdem geschieht das\nImportieren auf eigene\nGefahr.;
No compatible cartrige found.\nAborting.;Kein kompatibles GBA-Modul\ngefunden.\nBreche ab.;
Proceed?;Fortfahren?;
Importing data|;Lade Spielstand|;
An error occured.\nAborting.;Ein Fehler ist aufgetreten.\nKehre zum Hauptmenü zurück.;
Completed.;Abgeschlossen.;
Entries;Einträge;
All;Alle;
HP;KP;
Attack;Angriff;
Defense;Vert.;
Sp. Atk;Sp. Ang.;
Sp. Def;Sp. Ver.;
Speed;Init.;
f. %s;aus %s;
female;weiblich;
male;männlich;
(shining);(schillernd);
Fainted;Besiegt;
Statistics;Statuswerte;
Lv.%3i;Lv.%3i;
%s tries to learn %s.;%s versucht %s zu lernen.;
The terrain didn't change.;Das Terrain blieb unverändert.;
Do you want to give a nick name to %s?;Möchtest du dem %s einen Spitznamen geben?;
Choose a nick name!;Wähle einen Spitznamen!;
You are challenged by %s %s!;Eine Herausforderung von %s %s!;
Frzn;Eingfr;
Prlz;Prlyse;
Burn;Verbrng;
Slp;Schlaf;
Psn;Gift;
Switch;Aussenden;
In Battle;Im Kampf;
Send In;In den Kampf;
To be sent;Schon ausgewählt;
Eggs can't hold items!;Ein Ei kann kein Item tragen.;
battle!;nicht kämpfen!;
Status;Bericht;
Moves;Attacken;
ATK;ANG;
DEF;VER;
SAT;SAN;
SDF;SVE;
SPD;INI;
What will %s do?;Was soll %s tun?;
You got away safely.;Du bist entkommen.;
You couldn't escape|;Flucht gescheitert|;
Choose a target!;Welches Pokémon angreifen?;
Choose a Pokémon.;Welches Pokémon?;
%s gained %lu EXP.;%s gewinnt %lu E.-Punkte.;
%s advanced to level %d.;%s erreicht Level %d.;
The %s enabled\n%s to go first!;%.0s%s agiert dank\neiner %s zuerst!;
The wild %s fled!;%s (wild) floh.;
But nothing happened|;Nichts geschah|;
It got wasted|;Es hatte keine Wirkung|;
Used %s.;%s eingesetzt.;
%s's data was\nregistred to the PokéDex.;Die Daten von %s\nwurden im PokéDex gespeichert.;
%s was sent to\nthe Pokémon Storage System.;%s wurde an das\nPokémon-Lagerungssystem\ngeschickt.;
Box [129]%s\" is full.;Box [131]%s[129] ist voll.;
%s was deposited to Box [129]%s\".;%s wurde in Box [131]%s[129] abgelegt.;
There is no space left for additional Pokémon.;Du hast keinen Platz für weitere Pokémon.;
%s was released.;%s wurde wieder\nfreigelassen.;
FIGHT;Kampf;
BAG;Beutel;
POKéMON;Pokémon;
RUN;Flucht;
Pwr;Stk;
Meteor Falls;Meteorfälle;
---;---;
Hardy;Robust;
Lonely;Einsam;
Brave;Mutig;
Adamant;Hart;
Naughy;Frech;
Bold;Kühn;
Docile;Sanft;
Relaxed;Locker;
Impish;Pfiffig;
Lax;Lasch;
Timid;Scheu;
Hasty;Hastig;
Serious;Ernst;
Jolly;Froh;
Naive;Naiv;
Modest;Mäßig;
Mild;Mild;
Quiet;Ruhig;
Bashful;Zaghaft;
Rash;Hitzig;
Calm;Still;
Gentle;Zart;
Sassy;Forsch;
Careful;Sacht;
Quirky;Kauzig;
Loves to eat.;Liebt es, zu essen.;
Often dozes off.;Nickt oft ein.;
Nods off a lot.;Schläft gerne.;
Scatters things often.;Macht oft Unordnung.;
Likes to relax.;Liebt es zu entspannen.;
Proud of its power.;Ist stolz auf seine Stärke.;
Likes to thrash about.;Prügelt sich gerne.;
A little quick tempered.;Besitzt Temperament.;
Likes to fight.;Liebt es zu kämpfen.;
Quick tempered.;Ist impulsiv.;
Sturdy body.;Hat einen robusten Körper.;
Capable of taking hits.;Kann Treffer gut verkraften.;
Highly persistent.;Ist äußerst ausdauernd.;
Good endurance.;Hat eine gute Ausdauer.;
Good perseverance.;Ist beharrlich.;
Highly curious.;Ist sehr neugierig.;
Mischievous.;Ist hinterhältig.;
Thoroughly cunning.;Ist äußerst gerissen.;
Often lost in thought.;Ist oft in Gedanken.;
Very finicky.;Ist sehr pedantisch.;
Strong willed.;Besitzt starken Willen.;
Somewhat vain.;Ist etwas eitel.;
Strongly defiant.;Ist sehr aufsässig.;
Hates to lose.;Hasst Niederlagen.;
Somewhat stubborn.;Ist dickköpfig.;
Likes to run.;Liebt es, zu rennen.;
Alert to sounds.;Achtet auf Geräusche.;
Impetuous and silly.;Ist ungestüm und einfältig.;
Somewhat of a clown.;Ist fast wie eine Clown.;
Quick to flee.;Flüchtet schnell.;
spicy;scharf;
sour;saur;
sweet;süß;
dry;trocken;
bitter;bitter;
all;all;
HP;HP;
Attack;Angriff;
Defense;Verteidigung;
Sp. Attack;Spez Angr.;
Sp. Def.;Sepz. Vert.;
Speed;Initiative;
Evasion;Fluchtwert;
Accuracy;Genauigkeit;
%s's %s did not change.;%.0s%s von %s bleibt unverändert.;
%s's %s rose.;%.0s%s von %s steigt.;
%s's %s rose sharply.;%.0s%s von %s steigt stark.;
%s's %s rose drastically.;%.0s%s von %s steigt drastisch.;
%s's %s fell.;%.0s%s von %s sinkt.;
%s's %s harshly fell.;%.0s%s von %s sinkt stark.;
%s's %s severely fell.;%.0s%s von %s sinkt drastisch.;
%s %s sends out %s.;%s %s schickt %s in den Kampf.;
F I G H T;K A M P F;
POKÉMON;POKÉMON;
RUN;FLUCHT;
BAG;BEUTEL;
BACK;ZURÜCK;
%s sets up a trap.;%s legt eine Falle.;
%s is tightening its focus.;%s verschärft seinen Fokus.;
%s's beak glows.;Der Schnabel von %s glüht.;
%s returned to you.;%s kam zu dir zurück.;
That is enough %s!;Das reicht, %s!;
%s returned to %s.;%s kommt zu %s zurück.;
%s withdrew %s.;%s ruft %s zurück.;
%s recharges.;%s lädt sich wieder auf.;
%s became confused.;%s ist vor Erschöpfung verwirrt.;
%s ate its %s. Its confusion vanished.;%s isst die %s. Es ist nicht mehr verwirrt.;
%s ate its %s.;%s isst die %s.;
%s evaded the attack.;%s weicht aus.;
%s passes its %s. The %s found its purpose.;%s gibt seine %s weiter. Die %s findet ihre Bestimmung.;
The %s protects %s.;Die %s schützt %s.;
%s obtained the %s.;%s erhält das Item %s.;
It has no effect on %s|;Es hat keine Wirkung auf %s|;
It is super effective on %s.;Es ist sehr effektiv gegen %s.;
It is not very effective on %s.;Es ist nicht sehr effektiv gegen %s.;
%s is hit by the recoil.;Der Rückstoß schadet %s.;
%s restores some HP.;%s heilt ein paar KP.;
%s fainted.;%s wurde besiegt.;
It missed %s.;%s weicht aus.;
A critical hit!;Ein Volltreffer!;
%s prepares a move.;%s bereitet einen Angriff vor.;
%s is confused.;%s ist verwirrt.;
%s snapped out of its confusion.;%s ist nicht mehr verwirrt.;
It hurt itself in its confusion.;Es hat sich in seiner Verwirrung selbst verletzt.;
%s flinches.;%s schreckt zurück.;
%s is frozen solid.;%s ist gefroren.;
%s was thawed.;%s ist aufgetaut.;
%s is asleep.;%s schläft.;
%s woke up.;%s ist aufgewacht.;
%s is paralyzed. It can't move.;%s ist paralysiert. Es kann nicht angreifen.;
%s is immobilized by its love.;%s ist starr vor Liebe.;
The weather didn't change.;Das Wetter bleibt unverändert.;
It failed.;Es schlug fehl.;
%s became fully charged due to its Power Herb!;Dank Energiekraut ist %s sofort bereit!;
%s looses some HP.;%s verliert ein paar KP.;
%s made a wish upon its %s.;%s wünscht sich Stärke von seinem %s.;
%s's wish for power was granted!;Der Wunsch von %s wurde erhöhrt!;
the wild %s;%s (wild);
the foe's %s;%s (Gegner);
The wild %s;%s (wild);
The foe's %s;%s (Gegner);
This tree looks like it can be cut down.;Ein kleiner Baum.;
This rock appears to be breakable.;Ein kleiner Felsen.;
A huge whirlpool.;Ein riesiger Strudel.;
The water is a deep blue|;Das Wasser ist tiefblau|;
The sea is deep here.;Das Wasser ist sehr tief.;
It's a big boulder.;Ein großer Felsen.;
The wall is very rocky|;Eine steile Felswand|;
It's a large Waterfall.;Ein großer Wasserfall.;
Something moved!;Da hat sich etwas bewegt!;
Light is shining from the surface.;Licht scheint von der Oberfläche.;
Select;Auswählen;
Status;Status;
Give Item;Item geben;
Take Item;Item nehmen;
Use Item;Item nutzen;
Swap;Austauschen;
PokéDex;PokéDex;
Cancel;Zurück;
Deselect;Abwählen;
Select %hhu Pokémon!;Wähle %hhu Pokémon!;
Select a Pokémon!;Wähle ein Pokémon!;
Gave %s\nto %s.;%s an\n%s gegeben.;
Choose these Pokémon?;Diese Pokémon wählen?;
Choose this Pokémon?;Dieses Pokémon wählen?;
Dex No.;Dex Nr.;
Name;Name;
OT;OT;
ID No.;Id Nr.;
Exp.;E.-Pkt.;
Next;Nächst.;
Level;Level;
Pokémon Info;Pokémon-Info;
It looks like this Egg;Was da wohl schlüpfen;
will take a long time;wird? Es dauert wohl;
to hatch.;noch lange.;
It appears to move;Hat es sich gerade;
occasionally. It may;bewegt? Da tut sich;
be close to hatching.;wohl bald was.;
Sounds can be heard;Jetzt macht es schon;
coming from inside!;Geräusche! Bald ist;
It will hatch soon!;es wohl soweit!;
A mysterious Pokémon;Ein rätselhaftes;
Egg received;Pokémon-Ei erhalten;
from;vom;
in/at;in/bei;
from;von;
A highly mysterious;Ein äußerst seltsames;
Pokémon Egg that;Pokémon-Ei, das;
somehow reached you;irgendwie zu dir fand;
Item;Item;
Ability;Fähigkeit;
^;Wesen: ;
 nature.;^;
Egg received.;Ei erhalten.;
Had a fateful encunter.;Schicksalhafte Begegnung.;
Egg hatched.;Ei geschlüpft.;
Egg apparently hatched.;Ei offenbar geschlüpft.;
Met at Lv. %hu.;Erhalten mit Lv. %hu.;
Apparently met at Lv. %hu.;Offenbar erhalten mit Lv. %hu.;
Had a fateful enc. at Lv. %hu.;Schicksalhafte Begeg. mit Lv. %hu.;
App. had a fatef. enc. at Lv. %hu.;Off. schicks. Begeg. mit Lv. %hu.;
Likes ;Mag ;
%s ;%se ;
Pokéblocks.;Pokériegel.;
%2hhu/%2hhu;%2hhu/%2hhu;
Nature;Wesen;
Move Pokémon;Pokémon bewegen;
Show Party;Team-PKMN;
Hide Party;Box-PKMN;
Move;Bewegen;
Summary;Details;
Release;Freilassen;
Give Item;Item geben;
Take Item;Item nehm.;
Cancel;Abbrechen;
Huh? The evolution\nwas interrupted|;Huh? Die Entwicklung\nwurde abgebrochen|;
%s hatched from the Egg!;%s schlüpfte aus dem Ei!;
Power: %hhu;Stärke: %hhu;
Accuracy: %hhu;Genauigkeit: %hhu;
(never misses);(trifft immer);
%s's\n%s%.0s;%.0s%s\nvon %s;
You encountered a wild %s!;Ein wildes %s erscheint!;
Go %s!;Los %s!;
%s detects %s.;%s erkennt %s.;
%s shudders.;%s erschaudert.;
%s identifies %s.;%s erkennt %s.;
%s identifies %s and %s.;%s erkennt %s und%s.;
Hit %hhu times.;%hhu Mal getroffen.;
Details;Details;
Deregister;Registrieren;
%s did not learn %s.;%s hat %s nicht erlernt.;
Mystery Gift;Geheimgeschehen;
T R A I N E R'S   C A R D;T R A I N E R P A S S;
Name;Name;
Play time;Spielzeit;
Money;Geld;
PokéDex;PokéDex;
Adventure started on %s;Abenteuer gest. am %s;
Last save created in/at %s\non %s, %02hhu:%02hhu;Zuletzt gesp. in/bei %s\nam %s um %02hhu:%02hhu.;
No save data in this slot.;Kein Spielstand in diesem Slot.;
Pokémon;Pokémon;
PokéDex;PokéDex;
Bag;Beutel;
Trainer ID;Trainerpass;
Save;Sichern;
Options;Optionen;
Text Speed;Textgeschw.;
Language;Sprache;
BGM;Musik;
SFX;Soundeffekte;
Difficulty;Schwierigkeit;
Wallpaper;Hintergrund;
Slow;Langs.;
Medium;Mittel;
Fast;Schnell;
On;An;
Off;Aus;
Wynaut;Isso;
Skitty;Eneco;
Absol;Absol;
Sound disabled;Musik deaktiviert;
Hoenn Pokémon League Badges;Hoenn Pokémon-Liga Orden;
Battle Frontier Symbols;Kampfzonensymbole;
%s obtained\nthe %s!;%s erhielt\n%s!;
Choose the %s Pokémon %s?;Das %s-Pokémon %s wählen?;
Prof. Birch is in trouble!\nRelease a Pokémon and rescue him!;Prof. Birk ist in Schwierigkeiten!\nSchnapp' dir ein Pokémon und hilf ihm!;
BACKSPACE;ENTFERNEN;
ENTER;ENTER;
Hello..?\nCan you hear me?;Hallo..?\nKannst du mich hören?;
Nice! Your PokéNav seems to be working just fine.;Gut! Dein PokéNav funktioniert schonmal.;
My name is Birch, but everyone calls me Pokémon Professor.;Mein Name ist Birk, aber jeder nennt mich Pokémon Professor.;
But first of all, welcome to the world of Pokémon!;Aber zunächst, willkommen in der Welt der Pokémon!;
This is what we call a [129]Pokémon.\";Dies ist ein sogenanntes [131]Pokémon[129].;
This world is widely inhabited by creatures known as Pokémon.;Auf dieser Welt leben Wesen, die als Pokémon bekannt sind.;
We humans live alongside Pokémon, at times as friendly playmates,;Wir Menschen leben Seite an Seite mit ihnen, manchmal als Freunde,;
at times as cooperative workmates.;manchmal auch als Arbeitskollegen.;
And sometimes, we band together and battle others like us.;Und manchmal schließen wir uns zusammen und tragen Kämpfe aus.;
But despite our closeness, there is much to learn about Pokémon.;Und dennoch gibt es noch viel über die Pokémon zu lernen.;
In fact, there are many, many secrets surrounding Pokémon.;Es gibt noch viele, viele Geheimnisse um die Pokémon.;
To unravel Pokémon mysteries, I've been undertaking research.;Um ihre Mysterien aufzudecken, widme ich mich der Forschung.;
That's what I do.;Ja, genau das tue ich.;
Ah sorry, I got carried away|;Ah, ich schweife ab|;
I am calling because I need some information from you.;Ich rufe an, weil ich noch ein paar Informationen von dir benütige.;
For now, just complete your profile in your PokéNav.;Kannst du bitte dein PokéNav-Profil ausfüllen?;
Choose a picture!;Wähle ein Bild!;
Your name?;Dein Name?;
Are you fine with your profile?;Ist dieses Profil so in Ordnung?;
Brendan;Brix;
May;Maike;
Alright ;Also gut ;
, are you ready?;, bist du bereit?;
Your very own adventure is about to unfold.;Dein ganz eigenes Abenteuer wird nun beginnen.;
Take courage, and leap into the world of Pokémon,;Hab nur Mut, und stürze dich in die Welt der Pokémon,;
where dreams, adventure, and friendships await!;wo Abenteuer, Träume und Freundschaften warten.;
Well, I'll be expecting you later.\nCome see me in my Pokémon Lab.;Ah, komm später in mein Pokémon-\nLabor, ich erwarte dich dort.;
Buy;Kaufen;
Sell;Verkaufen;
Welcome!\nHow may I help you today?;Willkommen!\nWie kann ich helfen?;
Money: $%lu;Geld: $%lu;
BP: %lu;GP: %lu;
Coins: %lu;Münzen: %lu;
In Bag: %lu;Beutel: %lu;
%s, sure!\nHow many do you need?;%s, gerne!\nWie viele Exemplare benötigst du?;
%s, and you want %ld? This will be $%lu then.;%s und du möchtest %ld? Das macht dann $%lu.;
%s, and you want %ld? This will be %lu BP then.;%s und du möchtest %ld? Das macht dann %lu GP.;
%s, and you want %ld? This will be %lu coins then.;%s und du möchtest %ld? Das macht dann %lu Münzen.;
You don't have enough money.;Du hast nicht genug Geld.;
You don't have enough BP.;Du hast nicht genug GP.;
You don't have enough coins.;Du hast nicht genug Münzen.;
I cannot buy this item.;Ich kann dieses Item nicht kaufen.;
Sell;Verkaufen;
I can pay you $%lu. Is this fine?;Ich kann $%lu zahlen. Ist das ok?;
Do you really want to toss this item?;Willst du dieses Item wirklich wegwerfen?;
Gotcha! %s was caught!;Toll! %s wurde gefangen!;
Oh, no! It broke free!;Mist! Es hat sich befreit!;
Aww! It appeared to be caught!;Oh. Fast hätte es geklappt!;
Aargh! Almost had it!;Mist! Das war knapp!;
Shoot! It was so close, too!;Verflixt! Es war doch fast gefangen.;
The weather became normal again.;Das Wetter wird wieder normal.;
It started to rain.;Es beginnt zu regnen.;
It started to hail.;Es beginnt zu hageln.;
The air became foggy.;Dichter Nebel zieht auf.;
A sandstorm formed.;Ein Sandsturm zieht auf.;
The sunlight turned harsh.;Das Sonnenlicht wird stärker.;
A heavy rain began to fall.;Es beginnt enorm zu regnen.;
The sunlight turned extremely harsh.;Das Sonnenlicht wird enorm krärker.;
Mysterious strong winds are protecting Flying-type Pokémon.;Starke Winde schützen Flug-Pokémon.;
Rain continues to fall.;Es regnet weiter.;
Hail continues to fall.;Es hagelt.;
The air is foggy.;Dichter Nebel.;
The sandstorm rages.;Der Sandsturm wütet.;
The sunlight is harsh.;Das Sonnenlicht ist stark.;
Heavy rain continues to fall.;Enormer Regen.;
The extremely harsh sunlight continues.;Extremes Sonnenlicht.;
Strong winds continue to blow.;Starke Winde.;
The battlefield became normal.;Das Feld wird normal.;
The battlefield became weird.;Das Feld wird komisch.;
An electric current runs across the battlefield.;Eine elektrische Strömung fließt durch das Feld.;
Mist swrils around the battlefield.;Das Feld wird in Nebel gehüllt.;
Grass grew to cover the battlefield.;Gras wächst über das Feld.;
A deluge of ions showers the battlefield.;Ein elektrisch geladener Niederschlag regnet auf das Feld herab.;
It created a strange room in which items no longer work.;Es entsteht ein Raum, in dem keine Items mehr funktionieren.;
It created a bizarre area in which the Defense and Sp. Defense stats are swapped.;Es entsteht ein Raum, in dem Vert. und Sp.Vert. vertauscht sind.;
It twisted the dimensions.;Es hat die Dimensionen verdreht.;
The gravity intensifies.;Die Schwerkraft wird stärker.;
Fire's power was weakened.;Die Stärke des Feuers wird geschwächt.;
Electricity's power was weakened.;Die Stärke der Elektrizität wird geschwächt.;
All Pokémon become locked to the field for the next turn.;Alle Pokémon sind für eine Runde an das Feld gebunden.;
The ion shower disappeared.;Der elektrisch geladene Niederschlag verschwindet.;
The Magic Room disappeared.;Der Magieraum verschwindet.;
The Wonder Room disappeared.;Der Wunderraum verschwindet.;
The twisted dimensions returned to normal.;Die Dimensionen sind wieder normal.;
The gravity became normal again.;Die Schwerkraft ist wieder normal.;
Fire's power returned to normal;Die Stärke des Feuers ist wieder normal;
Electricity's power returned to normal.;Die Stärke der Elektrizität ist wieder normal.;
The Fairy Lock stopped.;Feenschloss lässt nach.;
%s is poisoned.;%s ist vergiftet.;
%s is badly poisoned.;%s ist schwer vergiftet.;
%s is burned.;%s ist verbrannt.;
%s restores some HP by listening to the soothing sound of its Shell Bell.;%s lauscht dem beruhigenden Klang seines Seegesangs und heilt ein paar KP.;
%s is harmed by its curse.;Der Fluch schadet %s.;
%s restores some HP using its roots.;Die Wurzeln von %s heilen ein paar KP.;
%s's Aqua Ring restores some HP.;Der Wasserring von %s heilt ein paar KP.;
%s is harmed by its nightmare.;Der Alptraum schadet %s.;
%s activated its %s.;%s nutzt sein Item %s.;
%s's Air Balloon popped.;Der Luftballon von %s platzte.;
%s drank its %s.;%s trank sein %s.;
%s dives.;%s taucht ab.;
%s dug a hole.;%s gräbt sich ein.;
%s flies up high.;%s fliegt hoch.;
%s jumps up high.;%s springt hoch.;
%s <SKYDROP>.;%s <SKYDROP>;
%s disappeared.;%s verschwindet.;
%s continues and crashes.;%s macht weiter und bricht zusammen.;
It's a one-hit KO!;Ein K.O.-Treffer!;
%s lost its focus and cannot attack.;%s hat seinen Fokus verloren und kann nicht angreifen.;
%s's trap failed.;Die Falle von %s bleibt wirkungslos.;
Pokémon Trainer;Pokémon-Trainer;
%s %s used %s.;%s %s setzt %s ein.;
You earned $%lu.;Du gewinnst $%lu.;
You payed $%lu to the winner.;Du zahlst dem Gewinner $%lu.;
Ash: $%lu grams;Asche: $%lu Gramm;
You don't have enough ash.;Du hast nicht genug Asche.;
%s? I can make one for %lu grams ash.;%s? Alles klar, das macht dann %lu Gramm Asche.;
Collected ash: %lu grams.;Gesammelte Asche: %lu Gramm.;
A big boulder that became moveable thanks to your Pokémon's Strength.;Ein großer Felsen, der durch die Stärke deiner Pokémon bewegbar wurde.;
You booted up the PC.;Du hast den PC angeschaltet.;
It's a map of the Hoenn region.;Eine Karte der Hoenn-Region.;
You scurried to a Pokémon Center,\nprotecting your exhausted\nand fainted Pokémon\nfrom further harm|;Du rennst zu einem Pokémon-Center\num deine erschöpten und\nbesiegten Pokémon vor\nweiterem Schaden zu schützen|;
You scurried back home,\nprotecting your exhausted\nand fainted Pokémon\nfrom further harm|;Du rennst zurück nach Hause\num deine erschöpten\nund besiegten Pokémon vor\nweiterem Schaden zu schützen|;
Obtained %hu times the\nitem %s.;%hu-mal das Item\n%s erhalten.;
Obtained %s.;%s erhalten.;
One %s was planted here.;Eine %s wurde hier gepflanzt.;
The %s that was planted here has sprouted.;Die %s, die hier geflanzt wurde ist ausgetrieben.;
The %s plant is growing bigger.;Die %s wächst.;
The %s plant is in full bloom.;Die %s blüht.;
The %s plant carries %hhu berries.;Die %s trägt %hhu Beeren.;
Would you like to harvest the berries?;Möchtest du die Beeren ernten?;
The soil is very soft.\nWould you like to plant a berry?;Der Boden ist sehr weich\nMöchtest du eine Beere einpflanzen?;
Planted a %s.;%s eingepflanzt.;
You watered the berry plant.;Du hast die Beerenpflanze gegossen.;
Would you like to water the berries?;Möchtest du die Beeren gießen?;
No. ;Nr. ;
P O K É D E X;P O K É D E X;
Hoenn PokéDex;Hoenn-PokéDex;
National PokéDex;Nationaler PokéDex;
Seen;Ges.;
Own;Gef.;
???;???;
%s Pokémon  HT %.1f m  WT %.1f kg;%s-Pokémon  GR %.1f m  GW %.1f kg;
Seen: %hu;Gesehen: %hu;
Own: %hu;Gefangen: %hu;
Ludicobox;Kappalobox;
Little Root;Kleine Wurzel;
Abandon Ship;Verlasse Schiff;
Battle-Sinnoh;Kampf-Sinnoh;
Battles Ahead;Kämpfe Vorraus;
Battle-Gym Leader;Kampf-Arenaleiter;
Battle-Rival;Kampf-Rivale;
A Palace for Battles;Ein Palast der Kämpfe;
Battle-Roaming Beast;Kampf-Streifendes Biest;
Battle-Sky High;Kampf-Himmelhoch;
Battle-Team AM;Kampf-Team AM;
Battle-Trainer;Kampf-Trainer;
Battles to the Top;Bis nach Ganz Oben;
Battle-Wild Pokémon;Kampf-Wildes Pokémon;
Battle-Rare Pokémon;Kampf-Spz. Pokémon;
Darkness Everywhere;Finsternis Überall;
Lonely Cliff;Einsame Klippe;
Mastering the Bike;Zu Rad;
Riding the Waves;Zu See;
Exploring the Deep Sea;Abgetaucht;
Storm of Sand;Sturm aus Sand;
Beach Time;Strand-Zeit;
Orange Leaves;Herbstfarben;
Onwards;Vorran;
Golden Radiance;Goldener Glanz;
Flowers to the World;Blumen in die Welt;
Small Gardens;Kleine Gärten;
Help!;Hilfe!;
A Lake's Secret;Des Sees Mysterium;
Where the Sea Begins;Wo die See Beginnt;
Round and Round;Groß und Rund;
Celebrating Art;Für die Kunst;
Celebrating the Sea;Für die See;
Falling Meteors;Fallende Meteore;
Atop a Volcano;Auf einem Vulkan;
Mysterious Gifts;Wundersame Geschenke;
First Rest;Erste Pause;
Whiff of Salt;Salzige Brise;
Pokémon Center;Pokémon-Center;
Pokémon Gym;Pokémon-Arena;
Friendly Shop;Poké-Markt;
Lab in the Woods;Labor im Wald;
To the Mountains;In den Bergen;
Travelling Hoenn 8;Durch Hoenn 8;
Travelling Hoenn 1;Durch Hoenn 1;
Travelling Hoenn 2;Durch Hoenn 2;
Travelling Hoenn 3;Durch Hoenn 3;
Travelling Hoenn 4;Durch Hoenn 4;
Travelling Hoenn 5;Durch Hoenn 5;
Travelling Hoenn 6;Durch Hoenn 6;
Travelling Hoenn 7;Durch Hoenn 7;
Science and Nature;Natur und Wissenschaft;
Into the Wild;In die Wildnis;
Sealed for Eons;Versiegelt für Äonen;
High and Low;Ebbe und Flut;
Ships and Seaweed;Schiffe und Seegras;
White Mountain;Weißer Berg;
Hiding;Versteck;
Trainer 101;Wie man Trainer wird;
Whats Going On?;Was Passiert?;
Another Desert;Eine Andere Wüste;
Stop playback;Wiedergabe stoppen;
Choose a Song;Wähle ein Lied;
Islands 2;Eilande 2;
Battle-Regis;Kampf-Regis;
Battle-FB;Kampf-Koryphäe;
Battle-Time Space;Kampf-Raum Zeit;
Islands 3;Eilande 3;
Moonlight;Mondschein;
Hidden Land;Verborgenes Land;
%s got poisoned.;%s wurde vergiftet.;
%s got badly poisoned.;%s wurde schwer vergiftet.;
%s got burned.;%s wurde verbrannt.;
%s was frozen solid.;%s erstarrt zu Eis.;
%s fell asleep.;%s schläft ein.;
%s was paralyzed.;%s wurde paralysiert.;
%s was confused.;%s wurde verwirrt.;
%s gained laser focus.;%s schärft seine Sinne.;
%s levitated on electromagnetism.;%s schwebt dank Elektromagnetismus.;
%s formed an Aqua Ring.;%s bildet einen Wasserring.;
%s is getting pumped.;%s pumpt sich auf.;
%s planted its roots.;%s pflanzt seine Wurzeln.;
%s was identified.;%s wurde erkannt.;
%s was planted.;%s wurde bepflanzt.;
Scent of Grass;Duft der Wiese;
Atop the Trees;Über den Bäumen;
In Silence;In Stille;
%s disappeared|;%s verschwand|;
Exchange;Eintauschen;
%s protects itself.;%s schützt sich selbst.;
%s's protection was broken.;Der Schutz von %s wurde durchbrochen.;
Handed over %hu times the\nitem %s.;%hu-mal das Item\n%s übergeben.;
Handed over the %s.;%s übergeben.;
Distortion World;Zerrwelt;
Sailing;Zu Schiff;
Riding the Waves (alt);Zu See (var);
An Arena for Battles;Ein Ring für Kämpfe;
Used %hu times the\nitem %s.;%hu-mal das Item\n%s eingesetzt.;
Used the %s.;%s eingesetzt.;
HP;KP;
ATK;ANG;
DEF;VER;
SAT;SAN;
SDF;SVE;
SPD;INI;
(none);(leer);
Battle Factory;Kampffabrik;
New Mauville;Neu Malvenfroh;
Crystal Cavern;Kristallgrotte;
Lovely Coast;Nette Küste;
Walk some more to recharge\nthe Poké Radar!;Gehe ein paar Schritte um\ndas Poké-Radar aufzuladen!;
The Poké Radar couldn't find\nany Pokémon|;Das Poké-Radar konnte\nkeine Pokémon finden|;
Choose a Pokémon.;Welches Pokémon?;
How many items do you want to trash?;Wie viele Items wegwerfen?;
How many items do you want to sell?;Wie viele Items verkaufen?;
Choose a Record;Wähle eine Platte;
