Wally;Heiko;
Brendan;Brix;
Brendan;Brix;
Brendan;Brix;
May;Maike;
May;Maike;
May;Maike;
Calvin;Ansgar;
Rick;Baldur;
Allen;Hugo;
Tiana;Karin;
Billy;Fridolin;
Darian;Marco;
Cindy;Patrizia;
Lyle;Detwin;
Grunt;Rüpel;
James;Gernot;
Winston;Rene;
Haley;Elisa;
Ivan;Angelo;
Jose;Eros;
Karen;Ricarda;
Joey;Ludgar;
Roxanne;Felizia;
Tommy;Dominik;
Marc;Hermann;
Josh;Gaston;
Brendan;Brix;
Brendan;Brix;
Brendan;Brix;
May;Maike;
May;Maike;
May;Maike;
Clark;Nicolas;
Johnson;Mark;
Devan;Ludgar;
Gina & Mia;Gina & Mia;
Takao;Satoru;
Christian;Isidor;
Brenden;Holger;
Laura;Laura;
Lilith;Nora;
Jocelyn;Ilonka;
Brawly;Kamillo;
Ned;Arthur;
Elliot;Alois;
Douglas;Ignaz;
Nicole;Nicole;
Grunt;Rüpel;
Denise;Denise;
Tony;Kevin;
Lisa & Roy;Erko & Bea;
Darrin;Manuel;
Beth;Almut;
Camron;Volker;
Missy;Marion;
Matthew;Umberto;
Tara;Sieglinde;
Carolina;Manja;
Cory;Oswald;
Jerome;Mario;
Imani;Heidrun;
Dominik;Guido;
Beverly;Dagmar;
Foster;Ruben
Andres;Maik;
Josue;Mark;
Sydney;Ulrich;
Phoebe;Antonia;
Glacia;Frosnia;
Drake;Dragan;
Steven;Troy;
Wallace;Wassili;
Acerola;Lola;
Sydney;Ulrich;
Phoebe;Antonia;
Glacia;Frosnia;
Drake;Dragan;
Steven;Troy;
Wallace;Wassili;
Acerola;Lola;
Huey;Tassilo;
Edmond;Monty;
Hailey;Karla;
Ricky;Günther;
Lola;Lotte;
Chandler;Karlo;
Simon;Simon;
Johanna;Cordula;
Dwayne;Reto;
Austina;Hilde;
Gwen;Anke;
David;Winfried;
Alice;Alice;
Carter;Armin;
Elijah;Marinus;
Mel & Paul;Geli & Ole;
Wally;Heiko;
Wally;Heiko;
Wattson;Walter;
Kirk;mauville gym;
Shawn;---;
Ben;---;
Vivian;---;
Angelo;mauville gym;
Grunt;Rüpel;
Grunt;Rüpel;
May;Maike;
May;Maike;
May;Maike;
Brendan;Brix;
Brendan;Brix;
Brendan;Brix;
Edward;r110;
Jaclyn;r110;
Edwin;r110;
Dale;110;
Jacob;110;
Anthony;110;
Benjamin;110;
Jasmine;110;
Abigail;110;
Isabel;110;
Timmy;110;
Kaleb;110;
Joseph;110;
Alyssa;110;
Daisy;103;
Amy & Liv;103;
Andrew;103;
Miguel;103;
Pete;103;
Isabelle;103;
Rhett;103;
Marcos;103;
Gina & Mia;103;
Janice;116;
Jerry;116;
Sarah;116;
Dawson;116;
