0000;???;;
0001;The best Poké Ball with the ultimate level of performance. With it, you will catch any wild Pokémon without fail.;;
0002;An ultra-high-performance Poké Ball that provides a higher success rate for catching Pokémon than a Great Ball.;;
0003;A good, high-performance Poké Ball that provides a higher success rate for catching Pokémon than a standard Poké Ball.;;
0004;A device for catching wild Pokémon. It's thrown like a ball at a Pokémon, comfortably encapsulating its target.;;
0005;A special Poké Ball that was used in the Safari Zone in the Kanto region and in the Great Marsh in the Sinnoh region.;;
0006;A somewhat different Poké Ball that is more effective when attempting to catch Water- or Bug-type Pokémon.;;
0007;A somewhat different Poké Ball that works especially well when catching Pokémon that live underwater.;;
0008;A somewhat different Poké Ball that becomes more effective the lower the level of the wild Pokémon.;;
0009;A somewhat different Poké Ball that works especially well on a Pokémon species that has been caught before.;;
0010;A somewhat different Poké Ball that becomes progressively more effective at catching Pokémon the more turns that are taken in battle.;;
0011;A particularly comfortable Poké Ball that makes a wild Pokémon quickly grow friendlier after being caught.;;
0012;A somewhat rare Poké Ball that was made as a commemorative item used to celebrate an event of some sort.;;
0013;A somewhat different Poké Ball that makes it easier to catch wild Pokémon at night or in dark places such as caves.;;
0014;A remedial Poké Ball that restores the HP of a Pokémon caught with it and eliminates any status conditions.;;
0015;A somewhat different Poké Ball that has a more successful catch rate if used at the start of a wild encounter.;;
0016;A quite rare Poké Ball that has been crafted in order to commemorate a special occasion of some sort.;;
0017;A spray-type medicine for treating wounds. It can be used to restore 20 HP to a single Pokémon.;;
0018;A spray-type medicine for treating poisoning. It can be used to lift the effects of being poisoned from a single Pokémon.;;
0019;A spray-type medicine for treating burns. It can be used to heal a single Pokémon suffering from a burn.;;
0020;A spray-type medicine for treating freezing. It can be used to thaw out a single Pokémon that has been frozen solid.;;
0021;A spray-type medicine to wake the sleeping. It can be used to rouse a single Pokémon from the clutches of sleep.;;
0022;A spray-type medicine for treating paralysis. It can be used to free a single Pokémon that has been paralyzed.;;
0023;A medicine that can be used to fully restore the HP of a single Pokémon and heal any status conditions it has.;;
0024;A spray-type medicine for treating wounds. It can be used to completely restore the max HP of a single Pokémon.;;
0025;A spray-type medicine for treating wounds. It can be used to restore 120 HP to a single Pokémon.;;
0026;A spray-type medicine for treating wounds. It can be used to restore 60 HP to a single Pokémon.;;
0027;A spray-type medicine that is broadly effective. It can be used to heal all the status conditions of a single Pokémon.;;
0028;A medicine that can be used to revive a single Pokémon that has fainted. It also restores half of the Pokémon's max HP.;;
0029;A medicine that can be used to revive a single Pokémon that has fainted. It also fully restores the Pokémon's max HP.;;
0030;Water with high mineral content. It can be used to restore 30 HP to a single Pokémon.;;
0031;A highly carbonated soda drink. It can be used to restore 50 HP to a single Pokémon.;;
0032;A very sweet and refreshing drink. It can be used to restore 70 HP to a single Pokémon.;;
0033;A bottle of highly nutritious milk. It can be used to restore 100 HP to a single Pokémon.;;
0034;A very bitter medicinal powder. It can be used to restore 60 HP to a single Pokémon.;;
0035;An extremely bitter medicinal root. It can be used to restore 120 HP to a single Pokémon.;;
0036;A very bitter medicinal powder. It can be used once to heal all the status conditions of a Pokémon.;;
0037;A terribly bitter medicinal herb. It revives a fainted Pokémon and fully restores its max HP.;;
0038;This medicine can be used to restore 10 PP to a single selected move that has been learned by a Pokémon.;;
0039;This medicine can be used to fully restore the PP of a single selected move that has been learned by a Pokémon.;;
0040;This medicine can be used to restore 10 PP to each of the moves that have been learned by a Pokémon.;;
0041;This medicine can be used to fully restore the PP of all of the moves that have been learned by a Pokémon.;;
0042;Lavaridge Town's local specialty. It can be used once to heal all the status conditions of a Pokémon.;;
0043;A 100 percent pure juice made of Berries. It can be used to restore 20 HP to a single Pokémon.;;
0044;This rare ash can revive all fainted Pokémon in a party. In doing so, it also fully restores their max HP.;;
0045;A nutritious drink for Pokémon. When consumed, it raises the HP base points of a single Pokémon.;;
0046;A nutritious drink for Pokémon. When consumed, it raises the Attack base points of a single Pokémon.;;
0047;A nutritious drink for Pokémon. When consumed, it raises the Defense base points of a single Pokémon.;;
0048;A nutritious drink for Pokémon. When consumed, it raises the Speed base points of a single Pokémon.;;
0049;A nutritious drink for Pokémon. When consumed, it raises the Sp. Atk base points of a single Pokémon.;;
0050;A candy that is packed with energy. When consumed, it will instantly raise the level of a single Pokémon by one.;;
0051;A medicine that slightly raises the max PP of a single selected move that has been learned by a Pokémon.;;
0052;A nutritious drink for Pokémon. When consumed, it raises the Sp. Def base points of a single Pokémon.;;
0053;A medicine that optimally raises the max PP of a single selected move that has been learned by a Pokémon.;;
0054;The Old Chateau's hidden specialty. It can be used once to heal all the status conditions of a Pokémon.;;
0055;An item that prevents stat reduction among the Trainer's party Pokémon for five turns after it is used in battle.;;
0056;An item that greatly raises the critical-hit ratio of a Pokémon during a battle. It can be used only once and wears off if the Pokémon is withdrawn.;;
0057;An item that sharply boosts the Attack stat of a Pokémon during a battle. It wears off once the Pokémon is withdrawn.;;
0058;An item that sharply boosts the Defense stat of a Pokémon during a battle. It wears off once the Pokémon is withdrawn.;;
0059;An item that sharply boosts the Speed stat of a Pokémon during a battle. It wears off once the Pokémon is withdrawn.;;
0060;An item that sharply boosts the accuracy of a Pokémon during a battle. It wears off once the Pokémon is withdrawn.;;
0061;An item that sharply boosts the Sp. Atk stat of a Pokémon during a battle. It wears off once the Pokémon is withdrawn.;;
0062;An item that sharply boosts the Sp. Def stat of a Pokémon during a battle. It wears off once the Pokémon is withdrawn.;;
0063;A doll that attracts the attention of a Pokémon. It guarantees escape from any battle with wild Pokémon.;;
0064;A toy that attracts the attention of a Pokémon. It guarantees escape from any battle with wild Pokémon.;;
0065;A flute made from blue glass. It awakens sleeping Pokémon.;;
0066;A flute made from yellow glass. It snaps Pokémon out of confusion.;;
0067;A flute made from red glass. It snaps Pokémon out of infatuation.;;
0068;A flute made from black glass. It makes it easier to encounter strong Pokémon in the place you use it.;;
0069;A flute made from white glass. It makes it easier to encounter weak Pokémon in the place you use it.;;
0070;Salt that you found inside Shoal Cave.;;
0071;A seashell that you found inside Shoal Cave.;;
0072;A small red shard. It appears to be a fragment of some sort of implement made long ago.;;
0073;A small blue shard. It appears to be a fragment of some sort of implement made long ago.;;
0074;A small yellow shard. It appears to be a fragment of some sort of implement made long ago.;;
0075;A small green shard. It appears to be a fragment of some sort of implement made long ago.;;
0076;An item that prevents any low-level wild Pokémon from jumping out at you for a while. It lasts longer than Repel.;;
0077;An item that prevents any low-level wild Pokémon from jumping out at you for a while. It lasts longer than Super Repel.;;
0078;A long and durable rope. Use it to escape instantly from locations like caves or dungeons. It can be used any number of times.;;
0079;An item that prevents any low-level wild Pokémon from jumping out at you for a while.;;
0080;A peculiar stone that can make certain species of Pokémon evolve. It burns as red as the evening sun.;;
0081;A peculiar stone that can make certain species of Pokémon evolve. It is as black as the night sky.;;
0082;A peculiar stone that can make certain species of Pokémon evolve. The stone has a fiery orange heart.;;
0083;A peculiar stone that can make certain species of Pokémon evolve. It has a distinct thunderbolt pattern.;;
0084;A peculiar stone that can make certain species of Pokémon evolve. It is the blue of a pool of clear water.;;
0085;A peculiar stone that can make certain species of Pokémon evolve. It has an unmistakable leaf pattern.;;
0086;A very small and rare mushroom. It's popular with a certain class of collectors.;;
0087;A very large and rare mushroom. It's popular with a certain class of collectors.;;
0088;A rather small pearl that has a very nice silvery sheen to it. It can be sold at a low price to shops.;;
0089;A rather large pearl that has a very nice silvery sheen. It can be sold at a high price to shops.;;
0090;Lovely red sand that flows between the fingers with a loose, silky feel. It can be sold at a low price to shops.;;
0091;A small shard of a beautiful gem that gives off a distinctly red sparkle. It can be sold at a high price to shops.;;
0092;A nugget of the purest gold that gives off a lustrous gleam in direct light. It can be sold at a high price to shops.;;
0093;A pretty, heart-shaped scale that is extremely rare. Some people are happy to receive one.;;
0094;A sweet honey collected by Pokémon. It has a lush aroma and can be sold at a low price to shops.;;
0095;A fertilizer for growing Berries. However, it appears to be unsuitable for the soil in the Hoenn region and has no effect.;;
0096;A fertilizer for growing Berries. However, it appears to be unsuitable for the soil in the Hoenn region and has no effect.;;
0097;A fertilizer for growing Berries. However, it appears to be unsuitable for the soil in the Hoenn region and has no effect.;;
0098;A fertilizer for growing Berries. However, it appears to be unsuitable for the soil in the Hoenn region and has no effect.;;
0099;A fossil from a prehistoric Pokémon that once lived in the sea. It looks as if it could be part of a plant's root.;;
0100;A fossil from a prehistoric Pokémon that once lived in the sea. It appears to be a fragment of a claw.;;
0101;A fossil from a prehistoric Pokémon that once lived in the sea. It might be a piece of a seashell.;;
0102;A fossil from a prehistoric Pokémon that once lived in the sea. It could be a shell or carapace.;;
0103;A piece of amber that still contains the genetic material of an ancient Pokémon. It's clear with a tawny, reddish tint.;;
0104;A fossil from a prehistoric Pokémon that once lived on the land. It looks to be from some kind of protective collar.;;
0105;A fossil from a prehistoric Pokémon that once lived on the land. It appears as though it's part of a head.;;
0106;A rare bone that is extremely valuable for the study of Pokémon archaeology. It can be sold for a high price to shops.;;
0107;A peculiar stone that can make certain species of Pokémon evolve. It shines with a dazzling light.;;
0108;A peculiar stone that can make certain species of Pokémon evolve. It holds shadows as dark as can be.;;
0109;A peculiar stone that can make certain species of Pokémon evolve. It sparkles like a glittering eye.;;
0110;A peculiar stone that can make certain species of Pokémon evolve. It's as round as a Pokémon Egg.;;
0111;A vital item that is needed to keep a stone tower from collapsing. Voices can be heard from it occasionally.;;
0112;A glowing orb to be held by Giratina. It boosts the power of Dragon- and Ghost-type moves when it is held.;;
0113;Aromatic tea that has a slightly bitter taste. It soothes a dry throat.;;
0114;A ticket required to board the ship to Navel Rock. It glows with a mystic light.;;
0115;The autograph you got from the Vermilion City Gym Leader, Lt. Surge. He wrote, "Good luck!";;
0116;A cassette to be held by Genesect. It changes Genesect's Techno Blast move so it becomes Water type.;;
0117;A cassette to be held by Genesect. It changes Genesect's Techno Blast move so it becomes Electric type.;;
0118;A cassette to be held by Genesect. It changes Genesect's Techno Blast move so it becomes Fire type.;;
0119;A cassette to be held by Genesect. It changes Genesect's Techno Blast move so it becomes Ice type.;;
0120;---;;
0121;---;;
0122;---;;
0123;---;;
0124;---;;
0125;---;;
0126;---;;
0127;---;;
0128;---;;
0129;A voucher for obtaining a bicycle from the Bike Shop.;;
0130;Stores information on famous people for instant recall.;;
0131;A convenient container that holds Berries.;;
0132;A TV set tuned to an advice program for Trainers.;;
0133;Stores Berry Powder made using a Berry Crusher.;;
0134;A piece of cloyingly sweet chocolate. It can be used to restore 20 HP to a single Pokémon.;;
0135;A brightly gleaming orb to be held by Dialga. It boosts the power of Dragon- and Steel-type moves when it is held.;;
0136;A beautifully glowing orb to be held by Palkia. It boosts the power of Dragon- and Water-type moves when it is held.;;
0137;---;;
0138;---;;
0139;---;;
0140;---;;
0141;---;;
0142;---;;
0143;---;;
0144;---;;
0145;---;;
0146;---;;
0147;---;;
0148;---;;
0149;A Berry to be consumed by Pokémon. If a Pokémon holds one, it can recover from paralysis on its own in battle.;;
0150;A Berry to be consumed by Pokémon. If a Pokémon holds one, it can recover from sleep on its own in battle.;;
0151;A Berry to be consumed by Pokémon. If a Pokémon holds one, it can recover from poisoning on its own in battle.;;
0152;A Berry to be consumed by Pokémon. If a Pokémon holds one, it can recover from a burn on its own in battle.;;
0153;A Berry to be consumed by Pokémon. If a Pokémon holds one, it can recover from being frozen on its own in battle.;;
0154;A Berry to be consumed by Pokémon. If a Pokémon holds one, it can restore 10 PP to a depleted move during battle.;;
0155;A Berry to be consumed by Pokémon. If a Pokémon holds one, it can restore its own HP by 10 points during battle.;;
0156;A Berry to be consumed by Pokémon. If a Pokémon holds one, it can recover from confusion on its own in battle.;;
0157;A Berry to be consumed by Pokémon. If a Pokémon holds one, it can recover from any status condition during battle.;;
0158;A Berry to be consumed by Pokémon. If a Pokémon holds one, it can restore its own HP by a small amount during battle.;;
0159;If held by a Pokémon, it restores the user's HP in a pinch, but it will cause confusion if the user hates the taste.;;
0160;If held by a Pokémon, it restores the user's HP in a pinch, but it will cause confusion if the user hates the taste.;;
0161;If held by a Pokémon, it restores the user's HP in a pinch, but it will cause confusion if the user hates the taste.;;
0162;If held by a Pokémon, it restores the user's HP in a pinch, but it will cause confusion if the user hates the taste.;;
0163;If held by a Pokémon, it restores the user's HP in a pinch, but it will cause confusion if the user hates the taste.;;
0164;Used to make Pokéblocks that will enhance your Coolness. Its red flesh is spicy when eaten.;;
0165;Used to make Pokéblocks that will enhance your Beauty. Its blue flesh is dry when eaten.;;
0166;Used to make Pokéblocks that will enhance your Cuteness. Its pink flesh is sweet when eaten.;;
0167;Used to make Pokéblocks that will enhance your Cleverness. Its green flesh is bitter when eaten.;;
0168;Used to make Pokéblocks that will enhance your Toughness. Its yellow flesh is sour when eaten.;;
0169;A Berry to be consumed by Pokémon. Using it on a Pokémon makes it more friendly but lowers its HP base points.;;
0170;A Berry to be consumed by Pokémon. Using it on a Pokémon makes it more friendly but lowers its Attack base points.;;
0171;A Berry to be consumed by Pokémon. Using it on a Pokémon makes it more friendly but lowers its Defense base points.;;
0172;A Berry to be consumed by Pokémon. Using it on a Pokémon makes it more friendly but lowers its Sp. Atk base points.;;
0173;A Berry to be consumed by Pokémon. Using it on a Pokémon makes it more friendly but lowers its Sp. Def base points.;;
0174;A Berry to be consumed by Pokémon. Using it on a Pokémon makes it more friendly but lowers its Speed base points.;;
0175;Used to make Pokéblocks that will enhance your Beauty, this Berry is rare in other regions.;;
0176;Used to make Pokéblocks that will enhance your Cuteness, this Berry is rare in other regions.;;
0177;Used to make Pokéblocks that will enhance your Cleverness, this Berry is rare in other regions.;;
0178;Used to make Pokéblocks that will enhance your Toughness, this Berry is rare in other regions.;;
0179;Used to make Pokéblocks that will enhance your Cuteness, this Berry is rare in other regions.;;
0180;Used to make Pokéblocks that will enhance your Beauty, this Berry is rare in other regions.;;
0181;Used to make Pokéblocks that will enhance your Cleverness, this Berry is rare in other regions.;;
0182;Used to make Pokéblocks that will enhance your Cleverness, this Berry is rare in other regions.;;
0183;Used to make Pokéblocks that will enhance your Beauty, this Berry is rare in other regions.;;
0184;If held by a Pokémon, this Berry will lessen the damage taken from one supereffective Fire-type attack.;;
0185;If held by a Pokémon, this Berry will lessen the damage taken from one supereffective Water-type attack.;;
0186;If held by a Pokémon, this Berry will lessen the damage taken from one supereffective Electric-type attack.;;
0187;If held by a Pokémon, this Berry will lessen the damage taken from one supereffective Grass-type attack.;;
0188;If held by a Pokémon, this Berry will lessen the damage taken from one supereffective Ice-type attack.;;
0189;If held by a Pokémon, this Berry will lessen the damage taken from one supereffective Fighting-type attack.;;
0190;If held by a Pokémon, this Berry will lessen the damage taken from one supereffective Poison-type attack.;;
0191;If held by a Pokémon, this Berry will lessen the damage taken from one supereffective Ground-type attack.;;
0192;If held by a Pokémon, this Berry will lessen the damage taken from one supereffective Flying-type attack.;;
0193;If held by a Pokémon, this Berry will lessen the damage taken from one supereffective Psychic-type attack.;;
0194;If held by a Pokémon, this Berry will lessen the damage taken from one supereffective Bug-type attack.;;
0195;If held by a Pokémon, this Berry will lessen the damage taken from one supereffective Rock-type attack.;;
0196;If held by a Pokémon, this Berry will lessen the damage taken from one supereffective Ghost-type attack.;;
0197;If held by a Pokémon, this Berry will lessen the damage taken from one supereffective Dragon-type attack.;;
0198;If held by a Pokémon, this Berry will lessen the damage taken from one supereffective Dark-type attack.;;
0199;If held by a Pokémon, this Berry will lessen the damage taken from one supereffective Steel-type attack.;;
0200;If held by a Pokémon, this Berry will lessen the damage taken from one Normal-type attack.;;
0201;A Berry to be consumed by Pokémon. If a Pokémon holds one, its Attack stat will increase when it's in a pinch.;;
0202;A Berry to be consumed by Pokémon. If a Pokémon holds one, its Defense stat will increase when it's in a pinch.;;
0203;A Berry to be consumed by Pokémon. If a Pokémon holds one, its Speed stat will increase when it's in a pinch.;;
0204;A Berry to be consumed by Pokémon. If a Pokémon holds one, its Sp. Atk stat will increase when it's in a pinch.;;
0205;A Berry to be consumed by Pokémon. If a Pokémon holds one, its Sp. Def stat will increase when it's in a pinch.;;
0206;A Berry to be consumed by Pokémon. If a Pokémon holds one, its critical-hit ratio will increase when it's in a pinch.;;
0207;A Berry to be consumed by Pokémon. If a Pokémon holds one, one of its stats will sharply increase when it's in a pinch.;;
0208;A Berry to be consumed by Pokémon. If a Pokémon holds one, being hit by a supereffective attack will restore its HP.;;
0209;A Berry to be consumed by Pokémon. If a Pokémon holds one, its accuracy will increase just once when it's in a pinch.;;
0210;A Berry to be consumed by Pokémon. If a Pokémon holds one, it will be able to move first just once when it's in a pinch.;;
0211;A Berry to be consumed by Pokémon. If a physical attack hits the Pokémon holding it, the attacker will also be hurt.;;
0212;A Berry to be consumed by Pokémon. If a special attack hits the Pokémon holding it, the attacker will also be hurt.;;
0213;An item to be held by a Pokémon. It casts a tricky glare that lowers the opposing Pokémon's accuracy.;;
0214;An item to be held by a Pokémon. It will restore any lowered stat in battle. It can be used only once.;;
0215;An item to be held by a Pokémon. This stiff, heavy brace helps Pokémon grow strong but cuts Speed in battle.;;
0216;Turning on this special device will allow all the Pokémon on your team to receive Exp. Points from battles.;;
0217;An item to be held by a Pokémon. This light, sharp claw lets the bearer move first occasionally.;;
0218;An item to be held by a Pokémon. The comforting chime of this bell calms the holder, making it friendly.;;
0219;An item to be held by a Pokémon. The holder shakes off move-binding effects to move freely. It can be used only once.;;
0220;An item to be held by a Pokémon. This curious headband boosts Attack but only allows the use of one move.;;
0221;An item to be held by a Pokémon. When the holder successfully inflicts damage, the target may also flinch.;;
0222;An item to be held by a Pokémon. It's a shiny silver powder that will boost the power of Bug-type moves.;;
0223;An item to be held by a Pokémon. It doubles any prize money received if the holding Pokémon joins a battle.;;
0224;An item to be held by a Pokémon. It helps keep wild Pokémon away if the holder is the head of the party.;;
0225;A wondrous orb to be held by either Latios or Latias. It raises the power of Psychic- and Dragon-type moves.;;
0226;An item to be held by Clamperl. This fang gleams a sharp silver and raises the holder's Sp. Atk stat.;;
0227;An item to be held by Clamperl. This scale shines with a faint pink and raises the holder's Sp. Def stat.;;
0228;An item to be held by a Pokémon. It enables the holder to flee from any wild Pokémon encounter without fail.;;
0229;An item to be held by a Pokémon. A Pokémon holding this peculiar stone is prevented from evolving.;;
0230;An item to be held by a Pokémon. The holder may endure a potential KO attack, leaving it with just 1 HP.;;
0231;An item to be held by a Pokémon. It's an egg filled with happiness that earns the holder extra Exp. Points in battle.;;
0232;An item to be held by a Pokémon. It's a lens for scoping out weak points. It boosts the holder's critical-hit ratio.;;
0233;An item to be held by a Pokémon. It's a special metallic film that can boost the power of Steel-type moves.;;
0234;An item to be held by a Pokémon. The holder's HP is slowly but steadily restored throughout every battle.;;
0235;A very tough and inflexible scale. Dragon-type Pokémon may be holding this item when caught.;;
0236;An item to be held by Pikachu. It's a puzzling orb that boosts its Attack and Sp. Atk stats.;;
0237;An item to be held by a Pokémon. It's a loose, silky sand that boosts the power of Ground-type moves.;;
0238;An item to be held by a Pokémon. It's a durable stone that boosts the power of Rock-type moves.;;
0239;An item to be held by a Pokémon. It's a seed imbued with life-force that boosts the power of Grass-type moves.;;
0240;An item to be held by a Pokémon. It's a pair of shady-looking glasses that boost the power of Dark-type moves.;;
0241;An item to be held by a Pokémon. This belt helps the wearer to focus and boosts the power of Fighting-type moves.;;
0242;An item to be held by a Pokémon. It's a powerful magnet that boosts the power of Electric-type moves.;;
0243;An item to be held by a Pokémon. This teardrop-shaped gem boosts the power of Water-type moves.;;
0244;An item to be held by a Pokémon. It's a long, sharp beak that boosts the power of Flying-type moves.;;
0245;An item to be held by a Pokémon. This small, poisonous barb boosts the power of Poison-type moves.;;
0246;An item to be held by a Pokémon. It's a heat- repelling piece of ice that boosts the power of Ice-type moves.;;
0247;An item to be held by a Pokémon. It's a sinister, eerie tag that boosts the power of Ghost-type moves.;;
0248;An item to be held by a Pokémon. This spoon is imbued with telekinetic power and boosts Psychic-type moves.;;
0249;An item to be held by a Pokémon. It's a combustible fuel that boosts the power of Fire-type moves.;;
0250;An item to be held by a Pokémon. This hard and sharp fang boosts the power of Dragon-type moves.;;
0251;An item to be held by a Pokémon. It's a sumptuous scarf that boosts the power of Normal-type moves.;;
0252;A transparent device somehow filled with all sorts of data. It was produced by Silph Co.;;
0253;An item to be held by a Pokémon. The holder restores a little HP every time it inflicts damage on others.;;
0254;An item to be held by a Pokémon. This incense has a curious aroma that boosts the power of Water-type moves.;;
0255;An item to be held by a Pokémon. The beguiling aroma of this incense may cause attacks to miss its holder.;;
0256;An item to be held by Chansey. This pair of lucky boxing gloves will boost Chansey's critical-hit ratio.;;
0257;An item to be held by Ditto. Extremely fine yet hard, this odd powder boosts the Defense stat.;;
0258;An item to be held by Cubone or Marowak. It's a hard bone of some sort that boosts the Attack stat.;;
0259;An item to be held by Farfetch'd or Sirfetch'd. This very long and stiff stalk of leek boosts its critical-hit ratio.;;
0260;An item to be held by a Pokémon. During a contest, it raises the Cool aspect of the Pokémon holding it.;;
0261;An item to be held by a Pokémon. During a contest, it raises the Beauty aspect of the Pokémon holding it.;;
0262;An item to be held by a Pokémon. During a contest, it raises the Cute aspect of the Pokémon holding it.;;
0263;An item to be held by a Pokémon. During a contest, it raises the Clever aspect of the Pokémon holding it.;;
0264;An item to be held by a Pokémon. During a contest, it raises the Tough aspect of the Pokémon holding it.;;
0265;An item to be held by a Pokémon. It's a magnifying lens that slightly boosts the accuracy of moves.;;
0266;An item to be held by a Pokémon. This headband exudes strength, slightly boosting the power of physical moves.;;
0267;An item to be held by a Pokémon. This thick pair of glasses slightly boosts the power of special moves.;;
0268;An item to be held by a Pokémon. It's a well-worn belt that slightly boosts the power of supereffective moves.;;
0269;An item to be held by a Pokémon. Protective moves like Light Screen and Reflect will be effective longer.;;
0270;An item to be held by a Pokémon. It boosts the power of moves but at the cost of some HP on each hit.;;
0271;A single-use item to be held by a Pokémon. It allows the holder to immediately use a move that normally requires a turn to charge.;;
0272;An item to be held by a Pokémon. It's a bizarre orb that will badly poison the holder during battle.;;
0273;An item to be held by a Pokémon. It's a bizarre orb that will afflict the holder with a burn during battle.;;
0274;An item to be held by Ditto. Extremely fine yet hard, this odd powder boosts the Speed stat.;;
0275;An item to be held by a Pokémon. If the holder has full HP, it will endure a potential KO attack with 1 HP. The item then disappears.;;
0276;An item to be held by a Pokémon. If the holder moves after its target moves, its accuracy will be boosted.;;
0277;An item to be held by a Pokémon. It boosts moves used consecutively but only until a different move is used.;;
0278;An item to be held by a Pokémon. It lowers Speed and allows Ground-type moves to hit Flying types and holders that are levitating.;;
0279;An item to be held by a Pokémon. It is tremendously heavy and makes the holder move slower than usual.;;
0280;An item to be held by a Pokémon. If the holder becomes infatuated, the opposing Pokémon will be, too.;;
0281;An item to be held by a Pokémon. It gradually restores HP to Poison-type Pokémon. It damages any other type.;;
0282;An item to be held by a Pokémon. It extends the duration of the move Hail when used by the holder.;;
0283;An item to be held by a Pokémon. It extends the duration of the move Sandstorm when used by the holder.;;
0284;An item to be held by a Pokémon. It extends the duration of the move Sunny Day when used by the holder.;;
0285;An item to be held by a Pokémon. It extends the duration of the move Rain Dance when used by the holder.;;
0286;An item to be held by a Pokémon. It extends the duration of multi-turn attacks, such as Bind and Wrap.;;
0287;An item to be held by a Pokémon. This curious scarf boosts Speed but only allows the use of one move.;;
0288;An item to be held by a Pokémon. It damages the holder every turn and may latch on to Pokémon that touch the holder.;;
0289;An item to be held by a Pokémon. It reduces Speed but allows the holder's Attack stat to grow more after battling.;;
0290;An item to be held by a Pokémon. It reduces Speed but allows the holder's Defense stat to grow more after battling.;;
0291;An item to be held by a Pokémon. It reduces Speed but allows the holder's Sp. Atk stat to grow more after battling.;;
0292;An item to be held by a Pokémon. It reduces Speed but allows the holder's Sp. Def stat to grow more after battling.;;
0293;An item to be held by a Pokémon. It reduces Speed but allows the holder's Speed stat to grow more after battling.;;
0294;An item to be held by a Pokémon. It reduces Speed but allows the holder's max HP to grow more after battling.;;
0295;An item to be held by a Pokémon. This discarded carapace enables the holder to switch out of battle without fail.;;
0296;An item to be held by a Pokémon. It boosts the amount of HP the holder restores from HP-stealing moves.;;
0297;An item to be held by a Pokémon. These curious glasses boost Sp. Atk but only allow the use of one move.;;
0298;An item to be held by a Pokémon. It's a stone tablet that boosts the power of Fire-type moves.;;
0299;An item to be held by a Pokémon. It's a stone tablet that boosts the power of Water-type moves.;;
0300;An item to be held by a Pokémon. It's a stone tablet that boosts the power of Electric-type moves.;;
0301;An item to be held by a Pokémon. It's a stone tablet that boosts the power of Grass-type moves.;;
0302;An item to be held by a Pokémon. It's a stone tablet that boosts the power of Ice-type moves.;;
0303;An item to be held by a Pokémon. It's a stone tablet that boosts the power of Fighting-type moves.;;
0304;An item to be held by a Pokémon. It's a stone tablet that boosts the power of Poison-type moves.;;
0305;An item to be held by a Pokémon. It's a stone tablet that boosts the power of Ground-type moves.;;
0306;An item to be held by a Pokémon. It's a stone tablet that boosts the power of Flying-type moves.;;
0307;An item to be held by a Pokémon. It's a stone tablet that boosts the power of Psychic-type moves.;;
0308;An item to be held by a Pokémon. It's a stone tablet that boosts the power of Bug-type moves.;;
0309;An item to be held by a Pokémon. It's a stone tablet that boosts the power of Rock-type moves.;;
0310;An item to be held by a Pokémon. It's a stone tablet that boosts the power of Ghost-type moves.;;
0311;An item to be held by a Pokémon. It's a stone tablet that boosts the power of Dragon-type moves.;;
0312;An item to be held by a Pokémon. It's a stone tablet that boosts the power of Dark-type moves.;;
0313;An item to be held by a Pokémon. It's a stone tablet that boosts the power of Steel-type moves.;;
0314;An item to be held by a Pokémon. This exotic-smelling incense boosts the power of Psychic-type moves.;;
0315;An item to be held by a Pokémon. This exotic-smelling incense boosts the power of Rock-type moves.;;
0316;An item to be held by a Pokémon. This exotic-smelling incense makes the holder bloated and slow moving.;;
0317;An item to be held by a Pokémon. This incense has a curious aroma that boosts the power of Water-type moves.;;
0318;An item to be held by a Pokémon. This exotic-smelling incense boosts the power of Grass-type moves.;;
0319;An item to be held by a Pokémon. It doubles any prize money received if the holding Pokémon joins a battle.;;
0320;An item to be held by a Pokémon. It helps keep wild Pokémon away if the holder is the head of the party.;;
0321;A protective item of some sort. It is extremely stiff and heavy. It's loved by a certain Pokémon.;;
0322;A box packed with a tremendous amount of electric energy. It's loved by a certain Pokémon.;;
0323;A box packed with a tremendous amount of magma energy. It's loved by a certain Pokémon.;;
0324;A transparent device overflowing with dubious data. Its producer is unknown.;;
0325;A cloth imbued with horrifyingly strong spiritual energy. It's loved by a certain Pokémon.;;
0326;An item to be held by a Pokémon. This sharply hooked claw increases the holder's critical-hit ratio.;;
0327;An item to be held by a Pokémon. When the holder successfully inflicts damage, the target may also flinch.;;
0328;---;;
0329;---;;
0330;---;;
0331;---;;
0332;---;;
0333;---;;
0334;---;;
0335;---;;
0336;---;;
0337;---;;
0338;---;;
0339;---;;
0340;---;;
0341;---;;
0342;---;;
0343;---;;
0344;---;;
0345;---;;
0346;---;;
0347;---;;
0348;---;;
0349;---;;
0350;---;;
0351;---;;
0352;---;;
0353;---;;
0354;---;;
0355;---;;
0356;---;;
0357;---;;
0358;---;;
0359;---;;
0360;---;;
0361;---;;
0362;---;;
0363;---;;
0364;---;;
0365;---;;
0366;---;;
0367;---;;
0368;---;;
0369;---;;
0370;---;;
0371;---;;
0372;---;;
0373;---;;
0374;---;;
0375;---;;
0376;---;;
0377;---;;
0378;---;;
0379;---;;
0380;---;;
0381;---;;
0382;---;;
0383;---;;
0384;---;;
0385;---;;
0386;---;;
0387;---;;
0388;---;;
0389;---;;
0390;---;;
0391;---;;
0392;---;;
0393;---;;
0394;---;;
0395;---;;
0396;---;;
0397;---;;
0398;---;;
0399;---;;
0400;---;;
0401;---;;
0402;---;;
0403;---;;
0404;---;;
0405;---;;
0406;---;;
0407;---;;
0408;---;;
0409;---;;
0410;---;;
0411;---;;
0412;---;;
0413;---;;
0414;---;;
0415;---;;
0416;---;;
0417;---;;
0418;---;;
0419;---;;
0420;---;;
0421;---;;
0422;---;;
0423;---;;
0424;---;;
0425;---;;
0426;---;;
0427;---;;
0428;A bag filled with convenient tools for exploring. It provides access to the Underground in the Sinnoh region.;;
0429;A sturdy, spacious bag that is used to carry any treasures or loot obtained in the coal mine.;;
0430;It lists the rules for holding battles. For Link Battles, you may choose which set of rules you wish to use.;;
0431;A tool that can search out Pokémon that are hiding in the tall grass. Its battery is recharged as you walk.;;
0432;A card that lists how many Battle Points you have earned.;;
0433;A notebook that keeps a day-to-day record of your adventure so far.;;
0434;A case for storing Seals that can be applied to the exteriors of Poké Balls.;;
0435;A lovely case to store colorful Props for your Pokémon to wear in a musical.;;
0436;A tiny bag that can hold 10 Seals for decorating Poké Balls.;;
0437;A convenient notepad that is used to register your friends and friend codes and keep a record of your gameplay.;;
0438;A large key for operating the doors of the Valley Windworks in the canyon. It was held by a Team Galactic Grunt.;;
0439;An ancient good-luck charm made of Pokémon bones to be taken to the elder of Celestic Town.;;
0440;A card key for disengaging the security systems in the Galactic HQ. Losing it can result in punishment, apparently.;;
0441;A mythical chain that is said to link the Legendary Pokémon that created the Sinnoh region.;;
0442;A very convenient map that can be viewed anytime. It even shows you your present location in the region.;;
0443;A device that indicates Trainers who want to battle. Its battery charges while you walk.;;
0444;A case for holding coins obtained at the Game Corner. It can hold up to 50,000 coins.;;
0445;An old and beat-up fishing rod. Use it at any body of water to fish for wild aquatic Pokémon.;;
0446;A new, good-quality fishing rod. Use it at any body of water to fish for wild aquatic Pokémon.;;
0447;An awesome, high-tech fishing rod. Use it at any body of water to fish for wild aquatic Pokémon.;;
0448;A watering can shaped like a Psyduck. It helps promote the healthy growth of any Berries planted in good, soft soil.;;
0449;A case for storing Poffins cooked from Berries.;;
0450;A folding bike that enables a rider to get around much faster than with Running Shoes.;;
0451;A key to one of the suites at a certain luxury hotel by a lake. For some odd reason, it often disappears.;;
0452;A letter from Professor Oak. Written in it is a request for you to go to Route 224.;;
0453;A feather that glows like the moon. It's said to possess the power to dispel nightmares.;;
0454;A card needed for entering the inn in Canalave City. Oddly, the last date marked on it was 50 years ago.;;
0455;A flute that puts out echoing sounds that do not seem to be of this world. No one knows who made it.;;
0456;A ticket required for sailing on the ferry S.S. Aqua. It has a drawing of a ship on its front.;;
0457;A pass required for entering Pokémon Contests. It has a drawing of an award ribbon on its front.;;
0458;A stone formed by boulders melting in intensely hot magma, then hardening. Magma remains sealed inside it.;;
0459;A parcel entrusted into your care. You're supposed to deliver it to your childhood friend who left Twinleaf Town.;;
0460;A coupon to be exchanged for a Pokémon Watch- Pokétch for short. Three coupons are needed.;;
0461;A coupon to be exchanged for a Pokémon Watch- Pokétch for short. Three coupons are needed.;;
0462;A coupon to be exchanged for a Pokémon Watch- Pokétch for short. Three coupons are needed.;;
0463;The key to Team Galactic's sinister warehouse located at the edge of Veilstone City.;;
0464;A fantastic medicine dispensed by the pharmacy in Cianwood City. It fully heals a Pokémon of any ailment.;;
0465;An amazing device that can record a battle between friends or the battles at certain special battle facilities.;;
0466;A flower sometimes bundled in bouquets to convey gratitude on special occasions, such as birthdays.;;
0467;A high-tech key that has to be used at a specific location. It emits a special electronic signal to open a door.;;
0468;A handy box where you can store up to 99 of each kind of Apricorn.;;
0469;A report of all the discovered kinds of Unown.;;
0470;Handy containers for cultivating Berries wherever you go.;;
0471;A high-tech machine that shows the location of invisible items. It's attached to the head when in use.;;
0472;A card to save points for the Buena's Password show.;;
0473;A very tasty tail of something. It can be sold at a high price to shops.;;
0474;A very old-fashioned bell that makes a gentle ringing sound.;;
0475;A card key that opens a shutter in the Radio Tower.;;
0476;A key that opens a door in the Goldenrod Tunnel.;;
0477;A bottle used for watering plants in the Berry Pots.;;
0478;A scale from a red Gyarados. It glows red like a flame.;;
0479;The Mime Jr. doll that was lost by the Copycat.;;
0480;A pass required for riding the Magnet Train. It allows you to ride whenever and however much you'd like.;;
0481;An important part of a machine that was stolen from the Power Plant.;;
0482;A strange, silvery feather that sparkles.;;
0483;A mystical rainbow feather that sparkles.;;
0484;A mysterious Egg obtained from Mr. Pokémon. What is in the Egg is unknown.;;
0485;A red Apricorn. It assails your nostrils.;;
0486;A blue Apricorn. It smells a bit like grass.;;
0487;A yellow Apricorn. It has an invigorating scent.;;
0488;A green Apricorn. It has a mysterious, aromatic scent.;;
0489;A pink Apricorn. It has a nice, sweet scent.;;
0490;A white Apricorn. It doesn't smell like anything.;;
0491;A black Apricorn. It has a scent beyond one's experience.;;
0492;A Poké Ball that makes it easier to catch Pokémon that are usually very quick to run away.;;
0493;A Poké Ball that makes it easier to catch Pokémon that are at a lower level than your own Pokémon.;;
0494;A Poké Ball that is good for catching Pokémon that you reel in with a rod while out fishing.;;
0495;A Poké Ball that is better than usual at catching very heavy Pokémon.;;
0496;A Poké Ball that works best when catching a Pokémon that is of the opposite gender of your Pokémon.;;
0497;A strange Poké Ball that will make the wild Pokémon caught with it more friendly toward you immediately.;;
0498;A Poké Ball that will make it easier to catch Pokémon that can evolve using a Moon Stone.;;
0499;A special Poké Ball that was used during the Bug-Catching Contest in the Johto region.;;
0500;A special Poké Ball for the Pal Park.;;
0501;A nice photo album for storing all the photos taken along your adventure.;;
0502;A music player that allows you to listen to nostalgic songs. It's operated with the flip of a single switch.;;
0503;A very old-fashioned bell that makes a gentle ringing sound.;;
0504;Mahogany Town's famous candy. It can be used once to heal all the status conditions of a Pokémon.;;
0505;It holds Pokéathlon records. It is a card that shows how many victories you have had in the Pokéathlon.;;
0506;It holds Pokéathlon records. It is a card that shows how many losses you have had in the Pokéathlon.;;
0507;It holds Pokéathlon records. It is a card that shows how many times your Pokémon dashed in the Pokéathlon.;;
0508;It holds Pokéathlon records. It is a card that shows how many times your Pokémon jumped in the Pokéathlon.;;
0509;It holds Pokéathlon records. It is a card that shows how many times you won the Pokéathlon's Hurdle Dash.;;
0510;It holds Pokéathlon records. It is a card that shows how many times you won the Pokéathlon's Relay Run.;;
0511;It holds Pokéathlon records. It is a card that shows how many times you won the Pokéathlon's Pennant Capture.;;
0512;It holds Pokéathlon records. It is a card that shows how many times you won the Pokéathlon's Block Smash.;;
0513;It holds Pokéathlon records. It is a card that shows how many times you won the Pokéathlon's Disc Catch.;;
0514;It holds Pokéathlon records. It is a card that shows how many times you won the Pokéathlon's Snow Throw.;;
0515;It holds Pokéathlon records. It is a card that shows how many points your Pokémon scored in the Pokéathlon.;;
0516;It holds Pokéathlon records. It is a card that shows how many times your Pokémon failed in the Pokéathlon.;;
0517;It holds Pokéathlon records. It is a card that shows how many times your Pokémon impeded themselves.;;
0518;It holds Pokéathlon records. It is a card that shows how many times your Pokémon tackled in the Pokéathlon.;;
0519;It holds Pokéathlon records. It is a card that shows how many times your Pokémon fell down in the Pokéathlon.;;
0520;It holds Pokéathlon records. It is a card that shows how many times you won the Pokéathlon's Ring Drop.;;
0521;It holds Pokéathlon records. It is a card that shows how many times you won the Pokéathlon's Lamp Jump.;;
0522;It holds Pokéathlon records. It is a card that shows how many times you won the Pokéathlon's Circle Push.;;
0523;It holds Pokéathlon records. It is a card that shows how many Link Pokéathlon wins you have had.;;
0524;It holds Pokéathlon records. It is a card that shows how many Link Pokéathlon losses you have had.;;
0525;It holds Pokéathlon records. It is a card that shows how many times you have won a Pokéathlon event.;;
0526;It holds Pokéathlon records. It is a card that shows how many times you have lost a Pokéathlon event.;;
0527;It holds Pokéathlon records. It is a card that shows how many times you switched Pokémon in the Pokéathlon.;;
0528;It holds Pokéathlon records. It is a card that shows how many times you won the Pokéathlon's Goal Roll.;;
0529;It holds Pokéathlon records. It is a card that shows how many times your Pokémon won individual prizes.;;
0530;It holds Pokéathlon records. It is a card that shows how many times you instructed your Pokémon.;;
0531;It holds Pokéathlon records. It is a card that shows how much time you spent participating in the Pokéathlon.;;
0532;A shiny green orb that is said to have a legend tied to it. It's known to have a deep connection with the Hoenn region.;;
0533;A sturdy Capsule that can only be opened with a special key.;;
0534;A shiny red orb that is said to have a legend tied to it. It's known to have a deep connection with the Hoenn region.;;
0535;A shiny blue orb that is said to have a legend tied to it. It's known to have a deep connection with the Hoenn region.;;
0536;A crystal ball that was excavated from the ground. It's a very beautiful stone that is covered with bits of rock and earth.;;
0537;A mysterious scale that causes a certain Pokémon to evolve. It shines in rainbow colors.;;
0538;A mysterious evolutionary lump. When held by a Pokémon that can still evolve, it raises both Defense and Sp. Def.;;
0539;An item to be held by a Pokémon. This very light stone reduces the weight of a Pokémon when held.;;
0540;An item to be held by a Pokémon. If the holder is hit, the attacker will also be damaged upon contact.;;
0541;An item to be held by a Pokémon. The holder will float in the air until hit. Once the holder is hit, this item will burst.;;
0542;An item to be held by a Pokémon. When the holder is hit by an attack, the attacker is removed from battle.;;
0543;An item to be held by a Pokémon. Moves that normally have no effect will land on a Pokémon holding it.;;
0544;An item to be held by a Pokémon. It's a band that increases the power of binding moves used by the holder.;;
0545;An item to be held by a Pokémon. It boosts Sp. Atk if the holder is hit with a Water-type attack. It can only be used once.;;
0546;An item to be held by a Pokémon. It boosts Attack if the holder is hit with an Electric-type attack. It can only be used once.;;
0547;An item to be held by a Pokémon. If the holder is hit by an attack, it will be switched out of battle.;;
0548;A gem with an essence of fire. When held, it strengthens the power of a Fire-type move one time.;;
0549;A gem with an essence of water. When held, it strengthens the power of a Water-type move one time.;;
0550;A gem with an essence of electricity. When held, it strengthens the power of an Electric-type move one time.;;
0551;A gem with an essence of nature. When held, it strengthens the power of a Grass-type move one time.;;
0552;A gem with an essence of ice. When held, it strengthens the power of an Ice-type move one time.;;
0553;A gem with an essence of combat. When held, it strengthens the power of a Fighting-type move one time.;;
0554;A gem with an essence of poison. When held, it strengthens the power of a Poison-type move one time.;;
0555;A gem with an essence of land. When held, it strengthens the power of a Ground-type move one time.;;
0556;A gem with an essence of air. When held, it strengthens the power of a Flying-type move one time.;;
0557;A gem with an essence of the mind. When held, it strengthens the power of a Psychic-type move one time.;;
0558;A gem with an insect-like essence. When held, it strengthens the power of a Bug-type move one time.;;
0559;A gem with an essence of rock. When held, it strengthens the power of a Rock-type move one time.;;
0560;A gem with a spectral essence. When held, it strengthens the power of a Ghost-type move one time.;;
0561;A gem with a draconic essence. When held, it strengthens the power of a Dragon-type move one time.;;
0562;A gem with an essence of darkness. When held, it strengthens the power of a Dark-type move one time.;;
0563;A gem with an essence of steel. When held, it strengthens the power of a Steel-type move one time.;;
0564;A gem with an ordinary essence. When held, it strengthens the power of a Normal-type move one time.;;
0565;An item for use on a Pokémon. It slightly increases the HP base points of a single Pokémon.;;
0566;An item for use on a Pokémon. It slightly increases the Attack base points of a single Pokémon.;;
0567;An item for use on a Pokémon. It slightly increases the Defense base points of a single Pokémon.;;
0568;An item for use on a Pokémon. It slightly increases the Sp. Atk base points of a single Pokémon.;;
0569;An item for use on a Pokémon. It slightly increases the Sp. Def base points of a single Pokémon.;;
0570;An item for use on a Pokémon. It slightly increases the Speed base points of a single Pokémon.;;
0571;Though this feather is beautiful, it's just a regular feather and has no effect.;;
0572;A fossil from a prehistoric Pokémon that once lived in the sea. It appears as though it could be part of its back.;;
0573;A fossil from a prehistoric Pokémon that once lived in the sky. It looks as if it could come from part of its wing.;;
0574;A special pass to go to Liberty Garden. Board the ship in Castelia City.;;
0575;A mysterious orb containing the power of the Unova region, to be used when generating Pass Power.;;
0576;A somewhat different Poké Ball that makes it easier to catch wild Pokémon while they're asleep.;;
0577;A toy that attracts the attention of a Pokémon. It guarantees escape from any battle with wild Pokémon.;;
0578;A lovely case to store colorful Props for your Pokémon to wear in a musical.;;
0579;A skull of a Pokémon that was said to have braved the angry waters to fly around the world.;;
0580;A rare mushroom that gives off a nice fragrance. It can be sold at a high price to shops.;;
0581;A big nugget of pure gold that gives off a lustrous gleam. It can be sold at a high price to shops.;;
0582;Very large pearls that sparkle in a pretty silver color. They can be sold at a high price to shops.;;
0583;A shard that fell to the ground when a comet approached. It can be sold at a high price to shops.;;
0584;A copper coin used by an ancient civilization about three thousand years ago.;;
0585;A silver coin used by an ancient civilization about three thousand years ago.;;
0586;A gold coin used by an ancient civilization about three thousand years ago.;;
0587;A fragile vase made by an ancient civilization about three thousand years ago.;;
0588;A heavy bracelet made by an ancient civilization about three thousand years ago.;;
0589;A stone figurine made by an ancient civilization about three thousand years ago.;;
0590;A heavy crown made by an ancient civilization about three thousand years ago.;;
0591;Castelia City's specialty, soft-serve ice cream. It can be used once to heal all the status conditions of a Pokémon.;;
0592;---;;
0593;---;;
0594;---;;
0595;---;;
0596;---;;
0597;---;;
0598;---;;
0599;---;;
0600;---;;
0601;---;;
0602;---;;
0603;---;;
0604;---;;
0605;---;;
0606;---;;
0607;---;;
0608;---;;
0609;---;;
0610;---;;
0611;---;;
0612;---;;
0613;---;;
0614;---;;
0615;---;;
0616;Reshiram's body was destroyed and changed into this stone. It is said to be waiting for the emergence of a hero.;;
0617;Zekrom's body was destroyed and changed into this stone. It is said to be waiting for the emergence of a hero.;;
0618;---;;
0619;---;;
0620;---;;
0621;A high-tech transceiver with a camera function. It allows up to four-way calls.;;
0622;A rare stone.;;
0623;An important letter that Wingull delivers.;;
0624;An important letter that Wingull delivers.;;
0625;An important letter that Wingull delivers.;;
0626;A high-tech transceiver with a camera function. It allows up to four-way calls.;;
0627;A box-shaped machine that stores Medals and Medal information.;;
0628;A splicer that fuses Kyurem and a certain Pokémon. They are said to have been one in the beginning.;;
0629;A splicer that separates Kyurem and a certain Pokémon when they have been fused.;;
0630;A permit that is needed to enter the Nature Preserve. Not many know about it.;;
0631;An oval charm said to increase the chance of Pokémon Eggs being found at the Nursery.;;
0632;A shiny charm said to increase the chance of finding a Shiny Pokémon in the wild.;;
0633;A card key needed to enter the password inside the Plasma Frigate.;;
0634;A handkerchief dropped by a regular at Café Warehouse. It smells faintly like a Pokémon.;;
0635;A special device that wrings out the potential of Pokémon. It's an imperfect prototype.;;
0636;The Xtransceiver found at the Nimbasa City amusement park. It seems it belongs to a boy.;;
0637;The Xtransceiver found at the Nimbasa City amusement park. It seems it belongs to a girl.;;
0638;A looking glass that reveals the truth. It's a mysterious glass that returns a Pokémon to its original shape.;;
0639;An item to be held by a Pokémon. Attack and Sp. Atk sharply increase if the holder is hit with a move it's weak to.;;
0640;An item to be held by a Pokémon. This offensive vest raises Sp. Def but prevents the use of status moves.;;
0641;A device that allows users to receive and view hologram clips at any time. It's also used to chat with others.;;
0642;A letter that Professor Sycamore wrote to your mother. A faint but pleasant perfume seems to cling to the paper.;;
0643;Attaches roller skates to the bottom of your shoes, allowing you to glide quickly around and perform tricks.;;
0644;An item to be held by a Pokémon. It's a stone tablet that boosts the power of Fairy-type moves.;;
0645;A capsule that allows a Pokémon with two Abilities to switch between these Abilities when it is used.;;
0646;A soft and sweet treat made of fluffy, puffy, whipped, and whirled cream. It's loved by a certain Pokémon.;;
0647;A sachet filled with fragrant perfumes that are just slightly too overwhelming. Yet it's loved by a certain Pokémon.;;
0648;An item to be held by a Pokémon. It boosts Sp. Def if the holder is hit with a Water-type attack. It can only be used once.;;
0649;An item to be held by a Pokémon. It boosts Attack if the holder is hit with an Ice-type attack. It can only be used once.;;
0650;An item to be held by a Pokémon. These goggles protect the holder from both weather-related damage and powder.;;
0651;A flute that can play with such a beautiful tone that even sleeping Pokémon find themselves woken up.;;
0652;A fertilizer for growing Berries. However, it appears to be unsuitable for the soil in the Hoenn region and has no effect.;;
0653;A fertilizer for growing Berries. However, it appears to be unsuitable for the soil in the Hoenn region and has no effect.;;
0654;A fertilizer for growing Berries. However, it appears to be unsuitable for the soil in the Hoenn region and has no effect.;;
0655;A fertilizer for growing Berries. However, it appears to be unsuitable for the soil in the Hoenn region and has no effect.;;
0656;One of a variety of mysterious Mega Stones. Have Gengar hold it, and this stone will enable it to Mega Evolve during battle.;;
0657;One of a variety of mysterious Mega Stones. Have Gardevoir hold it, and this stone will enable it to Mega Evolve during battle.;;
0658;One of a variety of mysterious Mega Stones. Have Ampharos hold it, and this stone will enable it to Mega Evolve during battle.;;
0659;One of a variety of mysterious Mega Stones. Have Venusaur hold it, and this stone will enable it to Mega Evolve during battle.;;
0660;One of a variety of mysterious Mega Stones. Have Charizard hold it, and this stone will enable it to Mega Evolve during battle.;;
0661;One of a variety of mysterious Mega Stones. Have Blastoise hold it, and this stone will enable it to Mega Evolve during battle.;;
0662;One of a variety of mysterious Mega Stones. Have Mewtwo hold it, and this stone will enable it to Mega Evolve during battle.;;
0663;One of a variety of mysterious Mega Stones. Have Mewtwo hold it, and this stone will enable it to Mega Evolve during battle.;;
0664;One of a variety of mysterious Mega Stones. Have Blaziken hold it, and this stone will enable it to Mega Evolve during battle.;;
0665;One of a variety of mysterious Mega Stones. Have Medicham hold it, and this stone will enable it to Mega Evolve during battle.;;
0666;One of a variety of mysterious Mega Stones. Have Houndoom hold it, and this stone will enable it to Mega Evolve during battle.;;
0667;One of a variety of mysterious Mega Stones. Have Aggron hold it, and this stone will enable it to Mega Evolve during battle.;;
0668;One of a variety of mysterious Mega Stones. Have Banette hold it, and this stone will enable it to Mega Evolve during battle.;;
0669;One of a variety of mysterious Mega Stones. Have Tyranitar hold it, and this stone will enable it to Mega Evolve during battle.;;
0670;One of a variety of mysterious Mega Stones. Have Scizor hold it, and this stone will enable it to Mega Evolve during battle.;;
0671;One of a variety of mysterious Mega Stones. Have Pinsir hold it, and this stone will enable it to Mega Evolve during battle.;;
0672;One of a variety of mysterious Mega Stones. Have Aerodactyl hold it, and this stone will enable it to Mega Evolve during battle.;;
0673;One of a variety of mysterious Mega Stones. Have Lucario hold it, and this stone will enable it to Mega Evolve during battle.;;
0674;One of a variety of mysterious Mega Stones. Have Abomasnow hold it, and this stone will enable it to Mega Evolve during battle.;;
0675;One of a variety of mysterious Mega Stones. Have Kangaskhan hold it, and this stone will enable it to Mega Evolve during battle.;;
0676;One of a variety of mysterious Mega Stones. Have Gyarados hold it, and this stone will enable it to Mega Evolve during battle.;;
0677;One of a variety of mysterious Mega Stones. Have Absol hold it, and this stone will enable it to Mega Evolve during battle.;;
0678;One of a variety of mysterious Mega Stones. Have Charizard hold it, and this stone will enable it to Mega Evolve during battle.;;
0679;One of a variety of mysterious Mega Stones. Have Alakazam hold it, and this stone will enable it to Mega Evolve during battle.;;
0680;One of a variety of mysterious Mega Stones. Have Heracross hold it, and this stone will enable it to Mega Evolve during battle.;;
0681;One of a variety of mysterious Mega Stones. Have Mawile hold it, and this stone will enable it to Mega Evolve during battle.;;
0682;One of a variety of mysterious Mega Stones. Have Manectric hold it, and this stone will enable it to Mega Evolve during battle.;;
0683;One of a variety of mysterious Mega Stones. Have Garchomp hold it, and this stone will enable it to Mega Evolve during battle.;;
0684;One of a variety of mysterious Mega Stones. Have Latias hold it, and this stone will enable it to Mega Evolve during battle.;;
0685;One of a variety of mysterious Mega Stones. Have Latios hold it, and this stone will enable it to Mega Evolve during battle.;;
0686;If held by a Pokémon, this Berry will lessen the damage taken from one supereffective Fairy-type attack.;;
0687;If held by a Pokémon, this Berry will increase the holder's Defense if it's hit with a physical move.;;
0688;If held by a Pokémon, this Berry will increase the holder's Sp. Def if it's hit with a special move.;;
0689;A watering can shaped like a Lotad. It helps promote the healthy growth of any Berries planted in good, soft soil.;;
0690;---;;
0691;---;;
0692;---;;
0693;---;;
0694;---;;
0695;This pass serves as an ID card for gaining access to the Power Plant that lies along Route 13.;;
0696;This ring contains an untold power that somehow enables Pokémon carrying Mega Stones to Mega Evolve in battle.;;
0697;A rather curious stone that might appear valuable to some. It's all in the eye of the beholder.;;
0698;A perfectly normal stone that might appear to be valuable to some. It's all in the eye of the beholder.;;
0699;This special coupon allows you to buy items at a discount when you are shopping at a boutique.;;
0700;A card key that activates the elevator in Lysandre Labs. It is emblazoned with Team Flare's logo.;;
0701;A commuter pass that allows the holder to ride the TMV between Lumiose City and Kiloude City at any time.;;
0702;A precious symbol that is awarded only to an individual who has done great things for the Kalos region.;;
0703;A compact device that automatically collects and records advice when a Trainer is out on an adventure.;;
0704;An ornament depicting a mysterious Pokémon that has been venerated as a guardian deity for an extremely long time in the Alola region.;;
0705;A rather chic-looking case for carrying contact lenses.;;
0706;A rather chic-looking case for carrying lipsticks.;;
0707;A light and yet incredibly effective trunk, which can contain every last piece of clothing that can be bought.;;
0708;A popular treat in Lumiose City. It can be used once to heal all the status conditions of a Pokémon.;;
0709;Shalour City's famous shortbread. It can be used once to heal all the status conditions of a Pokémon.;;
0710;A fossil from a prehistoric Pokémon that once lived on the land. It looks as if it could be a piece of a large jaw.;;
0711;A fossil from a prehistoric Pokémon that once lived on the land. It looks like the impression from a skin sail.;;
0712;A ticket that was handmade by Looker. It's decorated with a liberal amount of glittery paint.;;
0713;A folding bike that enables a rider to get around much faster than with Running Shoes.;;
0714;A device that allows users to receive and view hologram clips at any time. It's also used to chat with others.;;
0715;A gem with an essence of the fey. When held, it strengthens the power of a Fairy-type move one time.;;
0716;This charm contains an untold power that somehow enables Pokémon carrying Mega Stones to Mega Evolve in battle.;;
0717;---;;
0718;This folding bike more than doubles your movement speed.;;
0719;This folding bike allows you to perform actions such as wheelies and bunny hops.;;
0720;This is a tool for watering Berries you planted to make them grow more quickly.;;
0721;A case that contains mechanical parts of some sort made by the Devon Corporation.;;
0722;A sack used to gather and hold volcanic ash.;;
0723;The key to New Mauville, which was constructed beneath Mauville City.;;
0724;A set containing a Berry Blender for making Pokéblocks and a Pokéblock Case for storing Pokéblocks.;;
0725;An extremely important letter to Steven from the president of Devon Corporation.;;
0726;The ticket required for sailing on a ferry to the Southern Island. Does Norman, the Petalburg Gym Leader, know a secret?!;;
0727;A device found inside Sea Mauville.;;
0728;Nifty goggles to protect eyes from desert sandstorms.;;
0729;A Meteorite originally found at Meteor Falls. You got it at Mt. Chimney.;;
0730;A key that opens a door inside Sea Mauville.;;
0731;A key that opens a door inside Sea Mauville.;;
0732;A key that opens a door inside Sea Mauville.;;
0733;A key that opens a door inside Sea Mauville.;;
0734;A key that opens the storage hold inside Sea Mauville.;;
0735;A special device made by Devon Corporation that signals the presence of any unseen Pokémon.;;
0736;Ticket required for sailing on a ferry.;;
0737;---;;
0738;A device made by Devon Corporation that provides oxygen to users during the use of Dive.;;
0739;A very cool suit to be worn during the Contest Spectacular.;;
0740;A very cute dress to be worn during the Contest Spectacular.;;
0741;A suit made with the collective technological know-how of Team Magma. It can withstand any impact.;;
0742;A suit made with the collective technological know-how of Team Aqua. It can withstand any impact.;;
0743;Tickets for two to the astronomical show being held at the Mossdeep Space Center.;;
0744;This cuff contains an untold power that somehow enables Pokémon carrying a Mega Stone to Mega Evolve in battle.;;
0745;---;;
0746;---;;
0747;---;;
0748;---;;
0749;---;;
0750;---;;
0751;A Meteorite that you got at Mt. Chimney. It gives off a faint glow.;;
0752;One of a variety of mysterious Mega Stones. Have Swampert hold it, and this stone will enable it to Mega Evolve during battle.;;
0753;One of a variety of mysterious Mega Stones. Have Sceptile hold it, and this stone will enable it to Mega Evolve during battle.;;
0754;One of a variety of mysterious Mega Stones. Have Sableye hold it, and this stone will enable it to Mega Evolve during battle.;;
0755;One of a variety of mysterious Mega Stones. Have Altaria hold it, and this stone will enable it to Mega Evolve during battle.;;
0756;One of a variety of mysterious Mega Stones. Have Gallade hold it, and this stone will enable it to Mega Evolve during battle.;;
0757;One of a variety of mysterious Mega Stones. Have Audino hold it, and this stone will enable it to Mega Evolve during battle.;;
0758;One of a variety of mysterious Mega Stones. Have Metagross hold it, and this stone will enable it to Mega Evolve during battle.;;
0759;One of a variety of mysterious Mega Stones. Have Sharpedo hold it, and this stone will enable it to Mega Evolve during battle.;;
0760;One of a variety of mysterious Mega Stones. Have Slowbro hold it, and this stone will enable it to Mega Evolve during battle.;;
0761;One of a variety of mysterious Mega Stones. Have Steelix hold it, and this stone will enable it to Mega Evolve during battle.;;
0762;One of a variety of mysterious Mega Stones. Have Pidgeot hold it, and this stone will enable it to Mega Evolve during battle.;;
0763;One of a variety of mysterious Mega Stones. Have Glalie hold it, and this stone will enable it to Mega Evolve during battle.;;
0764;One of a variety of mysterious Mega Stones. Have Diancie hold it, and this stone will enable it to Mega Evolve during battle.;;
0765;A bottle believed to have been used to seal away the power of a certain Pokémon long, long ago.;;
0766;This bracelet contains an untold power that somehow enables Pokémon carrying a Mega Stone to Mega Evolve in battle.;;
0767;One of a variety of mysterious Mega Stones. Have Camerupt hold it, and this stone will enable it to Mega Evolve during battle.;;
0768;One of a variety of mysterious Mega Stones. Have Lopunny hold it, and this stone will enable it to Mega Evolve during battle.;;
0769;One of a variety of mysterious Mega Stones. Have Salamence hold it, and this stone will enable it to Mega Evolve during battle.;;
0770;One of a variety of mysterious Mega Stones. Have Beedrill hold it, and this stone will enable it to Mega Evolve during battle.;;
0771;A Meteorite that you got at Mt. Chimney. It continues to give off a faint glow and is slightly warm to the touch.;;
0772;A Meteorite that you got at Mt. Chimney. Some sort of pattern has risen to the surface, and it's shining with seven colors of light.;;
0773;A stone filled with an unexplained power. It makes Pokémon that battle with a Mega Stone Mega Evolve.;;
0774;One of the fragments of a Meteorite from Granite Cave. It's faintly warm to the touch.;;
0775;A flute that can be used to summon Latios or Latias no matter where you are.;;
0776;This is a crystallized form of Z-Power. It upgrades Normal-type moves to Z-Moves.;;
0777;This is a crystallized form of Z-Power. It upgrades Fire-type moves to Z-Moves.;;
0778;This is a crystallized form of Z-Power. It upgrades Water-type moves to Z-Moves.;;
0779;This is a crystallized form of Z-Power. It upgrades Electric-type moves to Z-Moves.;;
0780;This is a crystallized form of Z-Power. It upgrades Grass-type moves to Z-Moves.;;
0781;This is a crystallized form of Z-Power. It upgrades Ice-type moves to Z-Moves.;;
0782;This is a crystallized form of Z-Power. It upgrades Fighting-type moves to Z-Moves.;;
0783;This is a crystallized form of Z-Power. It upgrades Poison-type moves to Z-Moves.;;
0784;This is a crystallized form of Z-Power. It upgrades Ground-type moves to Z-Moves.;;
0785;This is a crystallized form of Z-Power. It upgrades Flying-type moves to Z-Moves.;;
0786;This is a crystallized form of Z-Power. It upgrades Psychic-type moves to Z-Moves.;;
0787;This is a crystallized form of Z-Power. It upgrades Bug-type moves to Z-Moves.;;
0788;This is a crystallized form of Z-Power. It upgrades Rock-type moves to Z-Moves.;;
0789;This is a crystallized form of Z-Power. It upgrades Ghost-type moves to Z-Moves.;;
0790;This is a crystallized form of Z-Power. It upgrades Dragon-type moves to Z-Moves.;;
0791;This is a crystallized form of Z-Power. It upgrades Dark-type moves to Z-Moves.;;
0792;This is a crystallized form of Z-Power. It upgrades Steel-type moves to Z-Moves.;;
0793;This is a crystallized form of Z-Power. It upgrades Fairy-type moves to Z-Moves.;;
0794;This is a crystallized form of Z-Power. It upgrades Pikachu's Volt Tackle to a Z-Move.;;
0795;A beautiful bottle cap that gives off a silver gleam. Some people are happy to receive one.;;
0796;A beautiful bottle cap that gives off a golden gleam. Some people are happy to receive one.;;
0797;A mysterious ring that enables Pokémon to use Z-Power. It requires both the willpower and the physical power of the Trainer wearing it.;;
0798;This is a crystallized form of Z-Power. It upgrades Decidueye's Spirit Shackle to a Z-Move.;;
0799;This is a crystallized form of Z-Power. It upgrades Incineroar's Darkest Lariat to a Z-Move.;;
0800;This is a crystallized form of Z-Power. It upgrades Primarina's Sparkling Aria to a Z-Move.;;
0801;This is a crystallized form of Z-Power. It upgrades the tapu's Nature's Madness to a Z-Move.;;
0802;This is a crystallized form of Z-Power. It upgrades Marshadow's Spectral Thief to a Z-Move.;;
0803;This is a crystallized form of Z-Power. It upgrades Alolan Raichu's Thunderbolt to a Z-Move.;;
0804;This is a crystallized form of Z-Power. It upgrades Snorlax's Giga Impact to a Z-Move.;;
0805;This is a crystallized form of Z-Power. It upgrades Eevee's Last Resort to a Z-Move.;;
0806;This is a crystallized form of Z-Power. It upgrades Mew's Psychic to a Z-Move.;;
0807;It converts Z-Power into crystals that upgrade Normal-type moves to Normal-type Z-Moves.;;
0808;It converts Z-Power into crystals that upgrade Fire-type moves to Fire-type Z-Moves.;;
0809;It converts Z-Power into crystals that upgrade Water-type moves to Water-type Z-Moves.;;
0810;It converts Z-Power into crystals that upgrade Electric-type moves to Electric-type Z-Moves.;;
0811;It converts Z-Power into crystals that upgrade Grass-type moves to Grass-type Z-Moves.;;
0812;It converts Z-Power into crystals that upgrade Ice-type moves to Ice-type Z-Moves.;;
0813;It converts Z-Power into crystals that upgrade Fighting-type moves to Fighting-type Z-Moves.;;
0814;It converts Z-Power into crystals that upgrade Poison-type moves to Poison-type Z-Moves.;;
0815;It converts Z-Power into crystals that upgrade Ground-type moves to Ground-type Z-Moves.;;
0816;It converts Z-Power into crystals that upgrade Flying-type moves to Flying-type Z-Moves.;;
0817;It converts Z-Power into crystals that upgrade Psychic-type moves to Psychic-type Z-Moves.;;
0818;It converts Z-Power into crystals that upgrade Bug-type moves to Bug-type Z-Moves.;;
0819;It converts Z-Power into crystals that upgrade Rock-type moves to Rock-type Z-Moves.;;
0820;It converts Z-Power into crystals that upgrade Ghost-type moves to Ghost-type Z-Moves.;;
0821;It converts Z-Power into crystals that upgrade Dragon-type moves to Dragon-type Z-Moves.;;
0822;It converts Z-Power into crystals that upgrade Dark-type moves to Dark-type Z-Moves.;;
0823;It converts Z-Power into crystals that upgrade Steel-type moves to Steel-type Z-Moves.;;
0824;It converts Z-Power into crystals that upgrade Fairy-type moves to Fairy-type Z-Moves.;;
0825;It converts Z-Power into crystals that upgrade Pikachu's Volt Tackle to an exclusive Z-Move.;;
0826;It converts Z-Power into crystals that upgrade Decidueye's Spirit Shackle to an exclusive Z-Move.;;
0827;It converts Z-Power into crystals that upgrade Incineroar's Darkest Lariat to an exclusive Z-Move.;;
0828;It converts Z-Power into crystals that upgrade Primarina's Sparkling Aria to an exclusive Z-Move.;;
0829;It converts Z-Power into crystals that upgrade the tapu's Nature's Madness to an exclusive Z-Move.;;
0830;It converts Z-Power into crystals that upgrade Marshadow's Spectral Thief to an exclusive Z-Move.;;
0831;It converts Z-Power into crystals that upgrade Alolan Raichu's Thunderbolt to an exclusive Z-Move.;;
0832;It converts Z-Power into crystals that upgrade Snorlax's Giga Impact to an exclusive Z-Move.;;
0833;It converts Z-Power into crystals that upgrade Eevee's Last Resort to an exclusive Z-Move.;;
0834;It converts Z-Power into crystals that upgrade Mew's Psychic to an exclusive Z-Move.;;
0835;It converts Z-Power into crystals that upgrade a Thunderbolt by Pikachu in a cap to an exclusive Z-Move.;;
0836;This is a crystallized form of Z-Power. It upgrades a Thunderbolt by Pikachu in a cap to a Z-Move.;;
0837;An exquisite, red-glowing gem that symbolizes passion.;;
0838;A brilliant blue gem that symbolizes honesty.;;
0839;A faded sea chart that shows the way to a certain island.;;
0840;A ticket required to board the ship to Birth Island. It glows beautifully.;;
0841;A bag to carry ingredients gathered during Mallow's trial in the jungle.;;
0842;A fishing rod made by Captain Lana. Cast a line over piles of underwater rocks to fish for wild aquatic Pokémon.;;
0843;The mask that belongs to The Masked Royal. This pro wrestler apparently sews his mask on a machine himself.;;
0844;A ticket that allows you to host a mission in Festival Plaza.;;
0845;A stone entrusted by a Pokémon that has been venerated as a guardian deity in the Alola region. There is said to be some secret in how it sparkles.;;
0846;If held by a Pokémon, it boosts Speed when intimidated.;;
0847;An item in which Zygarde Cores and Cells are gathered. You can also use it to change Zygarde's forms.;;
0848;A pass for ferries between Vermilion and the Sevii Islands. It features a drawing of a rainbow.;;
0849;A peculiar stone that can make certain species of Pokémon evolve. It has an unmistakable snowflake pattern.;;
0850;By entering certain numbers on this pager, you can summon Ride Pokémon in an instant.;;
0851;A somewhat different Poké Ball that has a low success rate for catching a Pokémon.;;
0852;The Alola region's local specialty-fried bread. It can be used once to heal all the status conditions of a Pokémon.;;
0853;A flower nectar obtained at Ula'ula Meadow. It changes the form of certain species of Pokémon.;;
0854;A flower nectar obtained at Melemele Meadow. It changes the form of certain species of Pokémon.;;
0855;A flower nectar obtained from the flowering shrubs on Royal Avenue. It changes the form of certain species of Pokémon.;;
0856;A flower nectar obtained at Poni Meadow. It changes the form of certain species of Pokémon.;;
0857;It is said that the tones it produces were offered up as an expression of gratitude to the Legendary Pokémon of the sun.;;
0858;It is said that the tones it produces were offered up as an expression of gratitude to the Legendary Pokémon of the moon.;;
0859;A Berry to be consumed by Pokémon. If a Pokémon holds one, the Berry will restore any lowered stat in battle.;;
0860;A mysterious card. Written on it is a request for you to go to a guest room in an Akala motel on Route 8.;;
0861;A Berry to be consumed by Pokémon. If a Pokémon holds one, it can recover from being frozen on its own in battle.;;
0862;A Berry to be consumed by Pokémon. If a Pokémon holds one, it can recover from poison on its own in battle.;;
0863;A Berry to be consumed by Pokémon. If a Pokémon holds one, it can recover from a burn on its own in battle.;;
0864;A Berry to be consumed by Pokémon. If a Pokémon holds one, it can recover from confusion on its own in battle.;;
0865;A Berry to be consumed by Pokémon. If a Pokémon holds one, it can recover from infatuation on its own in battle.;;
0866;A Berry to be held by a Pokémon. If the holder passes this berry to a Pokémon, the holder is protected for the remainder of the turn.;;
0867;A Berry to be held by a Pokémon. If the holder passes this berry to a Pokémon, the holder's Attack is maximized.;;
0868;A Berry to be held by a Pokémon. If the holder passes this berry to a Pokémon, the holder's Defense is maximized.;;
0869;A Berry to be held by a Pokémon. If the holder passes this berry to a Pokémon, the holder's Speed is maximized.;;
0870;A Berry to be held by a Pokémon. If the holder passes this berry to a Pokémon, the holder's Sp. Attack is maximized.;;
0871;A Berry to be held by a Pokémon. If the holder passes this berry to a Pokémon, the holder's Sp. Defense is maximized.;;
0872;The key that unlocks the front door of the Pokémon Gym on Cinnabar Island. It has a red decoration.;;
0873;The ticket required to board the S.S. Anne. It has a drawing of a ship on it.;;
0874;A scope that lets you see what cannot usually be seen. It is made by Silph Co.;;
0875;A parcel to be delivered to Professor Oak from Viridian City's Poké Mart.;;
0876;A card key that unlocks doors in Silph Co.'s head office in Saffron City.;;
0877;A set of golden false teeth lost by the Safari Zone's warden. They make his smile sparkle.;;
0878;A key that operates the elevator in the Team Rocket Hideout. It bears the Team Rocket logo.;;
0879;An item to be held by a Pokémon. It extends the duration of the terrain caused by the holder's move or Ability.;;
0880;An item to be held by a Pokémon. These pads protect the holder from effects caused by making direct contact with the target.;;
0881;An item to be held by a Pokémon. It boosts Defense on Electric Terrain. It can only be used once.;;
0882;An item to be held by a Pokémon. It boosts Sp. Def on Psychic Terrain. It can only be used once.;;
0883;An item to be held by a Pokémon. It boosts Sp. Def on Misty Terrain. It can only be used once.;;
0884;An item to be held by a Pokémon. It boosts Defense on Grassy Terrain. It can only be used once.;;
0885;---;;
0886;---;;
0887;---;;
0888;---;;
0889;---;;
0890;---;;
0891;---;;
0892;---;;
0893;---;;
0894;---;;
0895;---;;
0896;---;;
0897;An item to be held by a Pokémon. It's a mysterious stone tablet that boosts status moves.;;
0898;---;;
0899;---;;
0900;---;;
0901;---;;
0902;---;;
0903;Pewter City's famous crunchy snack. They can be used to heal all status conditions of a single Pokémon.;;
0904;A memory disc that contains Fighting-type data. It changes the type of the holder if held by a certain species of Pokémon.;;
0905;A memory disc that contains Flying-type data. It changes the type of the holder if held by a certain species of Pokémon.;;
0906;A memory disc that contains Poison-type data. It changes the type of the holder if held by a certain species of Pokémon.;;
0907;A memory disc that contains Ground-type data. It changes the type of the holder if held by a certain species of Pokémon.;;
0908;A memory disc that contains Rock-type data. It changes the type of the holder if held by a certain species of Pokémon.;;
0909;A memory disc that contains Bug-type data. It changes the type of the holder if held by a certain species of Pokémon.;;
0910;A memory disc that contains Ghost-type data. It changes the type of the holder if held by a certain species of Pokémon.;;
0911;A memory disc that contains Steel-type data. It changes the type of the holder if held by a certain species of Pokémon.;;
0912;A memory disc that contains Fire-type data. It changes the type of the holder if held by a certain species of Pokémon.;;
0913;A memory disc that contains Water-type data. It changes the type of the holder if held by a certain species of Pokémon.;;
0914;A memory disc that contains Grass-type data. It changes the type of the holder if held by a certain species of Pokémon.;;
0915;A memory disc that contains Electric-type data. It changes the type of the holder if held by a certain species of Pokémon.;;
0916;A memory disc that contains Psychic-type data. It changes the type of the holder if held by a certain species of Pokémon.;;
0917;A memory disc that contains Ice-type data. It changes the type of the holder if held by a certain species of Pokémon.;;
0918;A memory disc that contains Dragon-type data. It changes the type of the holder if held by a certain species of Pokémon.;;
0919;A memory disc that contains Dark-type data. It changes the type of the holder if held by a certain species of Pokémon.;;
0920;A memory disc that contains Fairy-type data. It changes the type of the holder if held by a certain species of Pokémon.;;
0921;This is a crystallized form of Z-Power. It upgrades Solgaleo's Sunsteel Strike to a Z-Move.;;
0922;This is a crystallized form of Z-Power. It upgrades Lunala's Moongeist Beam to a Z-Move.;;
0923;This is a crystallized form of Z-Power. It upgrades Necrozma's Photon Geyser to a Z-Move.;;
0924;This is a crystallized form of Z-Power. It upgrades Mimikyu's Play Rough to a Z-Move.;;
0925;This is a crystallized form of Z-Power. It upgrades Lycanroc's Stone Edge to a Z-Move.;;
0926;This is a crystallized form of Z-Power. It upgrades Kommo-o's Clanging Scales to a Z-Move.;;
0927;It converts Z-Power into crystals that upgrade Solgaleo's Sunsteel Strike to an exclusive Z-Move.;;
0928;It converts Z-Power into crystals that upgrade Lunala's Moongeist Beam to an exclusive Z-Move.;;
0929;It's a crystal that turns Necrozma fused with Solgaleo or Lunala into a new form.;;
0930;It converts Z-Power into crystals that upgrade Mimikyu's Play Rough to an exclusive Z-Move.;;
0931;It converts Z-Power into crystals that upgrade Lycanroc's Stone Edge to an exclusive Z-Move.;;
0932;It converts Z-Power into crystals that upgrade Kommo-o's Clanging Scales to an exclusive Z-Move.;;
0933;A mysterious ring that enables Pokémon to use Z-Power. It requires both the willpower and the physical power of the Trainer wearing it.;;
0934;---;;
0935;---;;
0936;---;;
0937;---;;
0938;---;;
0939;---;;
0940;---;;
0941;---;;
0942;---;;
0943;A machine to fuse Necrozma, which needs light, and Solgaleo.;;
0944;A machine to fuse Necrozma, which needs light, and Lunala.;;
0945;A machine to separate Necrozma, which needed light, from Solgaleo.;;
0946;A machine to separate Necrozma, which needed light, from Lunala.;;
0947;---;;
0948;---;;
0949;---;;
0950;---;;
0951;---;;
0952;---;;
0953;---;;
0954;---;;
0955;---;;
0956;---;;
0957;---;;
0958;---;;
0959;---;;
0960;A candy that is packed with energy. When given to a Pokémon, it will increase that Pokémon's HP.;;
0961;A candy that is packed with energy. When given to a Pokémon, it will increase that Pokémon's Attack stat.;;
0962;A candy that is packed with energy. When given to a Pokémon, it will increase that Pokémon's Defense stat.;;
0963;A candy that is packed with energy. When given to a Pokémon, it will increase that Pokémon's Sp. Atk stat.;;
0964;A candy that is packed with energy. When given to a Pokémon, it will increase that Pokémon's Sp. Def stat.;;
0965;A candy that is packed with energy. When given to a Pokémon, it will increase that Pokémon's Speed stat.;;
0966;A big candy that is packed with energy. When given to a Pokémon, it will maximize that Pokémon's HP.;;
0967;A big candy that is packed with energy. When given to a Pokémon, it will maximize that Pokémon's Attack stat.;;
0968;A big candy that is packed with energy. When given to a Pokémon, it will maximize that Pokémon's Defense stat.;;
0969;A big candy that is packed with energy. When given to a Pokémon, it will maximize that Pokémon's Sp. Atk stat.;;
0970;A big candy that is packed with energy. When given to a Pokémon, it will maximize that Pokémon's Sp. Def stat.;;
0971;A big candy that is packed with energy. When given to a Pokémon, it will maximize that Pokémon's Speed stat.;;
0972;A huge but hollow candy that is devoid of energy. When given to a Pokémon, its HP will plummet.;;
0973;A huge but hollow candy that is devoid of energy. When given to a Pokémon, its Attack stat will plummet.;;
0974;A huge but hollow candy that is devoid of energy. When given to a Pokémon, its Defense stat will plummet.;;
0975;A huge but hollow candy that is devoid of energy. When given to a Pokémon, its Sp. Atk stat will plummet.;;
0976;A huge but hollow candy that is devoid of energy. When given to a Pokémon, its Sp. Def stat will plummet.;;
0977;A huge but hollow candy that is devoid of energy. When given to a Pokémon, its Speed stat will plummet.;;
0978;---;;
0979;---;;
0980;---;;
0981;---;;
0982;---;;
0983;---;;
0984;---;;
0985;---;;
0986;---;;
0987;---;;
0988;---;;
0989;---;;
0990;---;;
0991;---;;
0992;---;;
0993;---;;
0994;---;;
0995;---;;
0996;---;;
0997;---;;
0998;---;;
0999;---;;
1000;---;;
1901;---;;
1002;---;;
1003;---;;
1004;---;;
1005;---;;
1006;---;;
1007;---;;
1008;---;;
1009;---;;
1010;---;;
1011;---;;
1012;---;;
1013;---;;
1014;---;;
1015;---;;
1016;---;;
1017;---;;
1018;---;;
1019;---;;
1020;---;;
1021;---;;
1022;---;;
1023;---;;
1024;---;;
1025;---;;
1026;---;;
1027;---;;
1028;---;;
1029;---;;
1030;---;;
1031;---;;
1032;---;;
1033;---;;
1034;---;;
1035;---;;
1036;---;;
1037;---;;
1038;---;;
1039;---;;
1040;---;;
1041;---;;
1042;---;;
1043;---;;
1044;---;;
1045;---;;
1046;---;;
1047;---;;
1048;---;;
1049;---;;
1050;---;;
1051;---;;
1052;---;;
1053;---;;
1054;---;;
1055;---;;
1056;---;;
1057;---;;
1058;---;;
1059;---;;
1060;---;;
1061;---;;
1062;---;;
1063;---;;
1064;---;;
1065;---;;
1066;---;;
1067;---;;
1068;---;;
1069;---;;
1070;---;;
1071;---;;
1072;---;;
1073;---;;
1074;A letter of recommendation that you'll need in order to participate in the Gym Challenge.;;
1075;A device that allows you to access the Pokémon storage system. There are some places where it won't work.;;
1076;A stone found in the Galar region with a mysterious power. It's said that your dreams come true if you find one.;;
1077;A Wishing Star has been affixed to it. It lets out a light that allows Pokémon to Dynamax when at a Power Spot.;;
1078;---;;
1079;---;;
1080;Use it by the water to fish up various kinds of Pokémon.;;
1081;This bike can be combined with the Pokémon Rotom to use a turbo boost.;;
1082;---;;
1083;---;;
1084;---;;
1085;---;;
1086;---;;
1087;---;;
1088;---;;
1089;---;;
1090;---;;
1091;---;;
1092;---;;
1093;---;;
1094;---;;
1095;---;;
1096;---;;
1097;---;;
1098;---;;
1099;---;;
1100;---;;
1101;---;;
1102;---;;
1103;It is said that a hero used this sword to halt a terrible disaster in ancient times. But it's grown rusty and worn.;;
1104;It is said that a hero used this shield to halt a terrible disaster in ancient times. But it's grown rusty and worn.;;
1105;The fossil of an ancient Pokémon that once soared through the sky. What it looked like is a mystery.;;
1106;The fossil of an ancient Pokémon that once lived in the sea. What it looked like is a mystery.;;
1107;The fossil of an ancient Pokémon that once roamed the land. What it looked like is a mystery.;;
1108;The fossil of an ancient Pokémon that once lived in the sea. What it looked like is a mystery.;;
1109;A strawberry-shaped sweet. When a Milcery holds this, it will spin around happily.;;
1110;A heart-shaped sweet. When a Milcery holds this, it spins around happily.;;
1111;A berry-shaped sweet. When a Milcery holds this, it spins around happily.;;
1112;A clover-shaped sweet. When a Milcery holds this, it spins around happily.;;
1113;A flower-shaped sweet. When a Milcery holds this, it spins around happily.;;
1114;A star-shaped sweet. When a Milcery holds this, it spins around happily.;;
1115;A ribbon-shaped sweet. When a Milcery holds this, it spins around happily.;;
1116;A peculiar apple that can make a certain species of Pokémon evolve. It's exceptionally sweet.;;
1117;A peculiar apple that can make a certain species of Pokémon evolve. It's exceptionally tart.;;
1118;Raises Sp. Atk when a Pokémon uses a sound-based move.;;
1119;An item to be held by a Pokémon. When the holder's stats are lowered, it will be switched out of battle.;;
1120;These boots prevent the effects of traps set on the battlefield.;;
1121;Raises Speed sharply when a Pokémon misses with a move because of accuracy.;;
1122;An item to be held by a Pokémon. Lowers Speed when Trick Room takes effect.;;
1123;An item to be held by a Pokémon. This sturdy umbrella protects the holder from the effects of rain and harsh sunlight.;;
1124;A candy that is packed with energy. When consumed, it will grant a single Pokémon a very small amount of Exp. Points.;;
1125;A candy that is packed with energy. When consumed, it will grant a single Pokémon a small amount of Exp. Points.;;
1126;A candy that is packed with energy. When consumed, it will grant a single Pokémon a moderate amount of Exp. Points.;;
1127;A candy that is packed with energy. When consumed, it will grant a single Pokémon a large amount of Exp. Points.;;
1128;A candy that is packed with energy. When consumed, it will grant a single Pokémon a very large amount of Exp. Points.;;
1129;---;;
1130;---;;
1131;---;;
1132;---;;
1133;---;;
1134;---;;
1135;---;;
1136;---;;
1137;---;;
1138;---;;
1139;---;;
1140;---;;
1141;---;;
1142;---;;
1143;---;;
1144;---;;
1145;---;;
1146;---;;
1147;---;;
1148;---;;
1149;---;;
1150;---;;
1151;---;;
1152;---;;
1153;---;;
1154;---;;
1155;---;;
1156;---;;
1157;---;;
1158;---;;
1159;---;;
1160;---;;
1161;---;;
1162;---;;
1163;---;;
1164;---;;
1165;---;;
1166;---;;
1167;---;;
1168;---;;
1169;---;;
1170;---;;
1171;---;;
1172;---;;
1173;---;;
1174;---;;
1175;---;;
1176;---;;
1177;---;;
1178;---;;
1179;---;;
1180;---;;
1181;---;;
1182;---;;
1183;---;;
1184;---;;
1185;---;;
1186;---;;
1187;---;;
1188;---;;
1189;---;;
1190;---;;
1191;---;;
1192;---;;
1193;---;;
1194;---;;
1195;---;;
1196;---;;
1197;---;;
1198;---;;
1199;---;;
1200;---;;
1201;---;;
1202;---;;
1203;---;;
1204;---;;
1205;---;;
1206;---;;
1207;---;;
1208;---;;
1209;---;;
1210;---;;
1211;---;;
1212;---;;
1213;---;;
1214;---;;
1215;---;;
1216;---;;
1217;---;;
1218;---;;
1219;---;;
1220;---;;
1221;---;;
1222;---;;
1223;---;;
1224;---;;
1225;---;;
1226;---;;
1227;---;;
1228;---;;
1229;---;;
1230;---;;
1231;When a Pokémon smells this mint, its Attack will grow more easily, but its Defense will grow more slowly.;;
1232;When a Pokémon smells this mint, its Attack will grow more easily, but its Sp. Atk will grow more slowly.;;
1233;When a Pokémon smells this mint, its Attack will grow more easily, but its Sp. Def will grow more slowly.;;
1234;When a Pokémon smells this mint, its Attack will grow more easily, but its Speed will grow more slowly.;;
1235;When a Pokémon smells this mint, its Defense will grow more easily, but its Attack will grow more slowly.;;
1236;When a Pokémon smells this mint, its Defense will grow more easily, but its Sp. Atk will grow more slowly.;;
1237;When a Pokémon smells this mint, its Defense will grow more easily, but its Sp. Def will grow more slowly.;;
1238;When a Pokémon smells this mint, its Defense will grow more easily, but its Speed will grow more slowly.;;
1239;When a Pokémon smells this mint, its Sp. Atk will grow more easily, but its Attack will grow more slowly.;;
1240;When a Pokémon smells this mint, its Sp. Atk will grow more easily, but its Defense will grow more slowly.;;
1241;When a Pokémon smells this mint, its Sp. Atk will grow more easily, but its Sp. Def will grow more slowly.;;
1242;When a Pokémon smells this mint, its Sp. Atk will grow more easily, but its Speed will grow more slowly.;;
1243;When a Pokémon smells this mint, its Sp. Def will grow more easily, but its Attack will grow more slowly.;;
1244;When a Pokémon smells this mint, its Sp. Def will grow more easily, but its Defense will grow more slowly.;;
1245;When a Pokémon smells this mint, its Sp. Def will grow more easily, but its Sp. Atk will grow more slowly.;;
1246;When a Pokémon smells this mint, its Sp. Def will grow more easily, but its Speed will grow more slowly.;;
1247;When a Pokémon smells this mint, its Speed will grow more easily, but its Attack will grow more slowly.;;
1248;When a Pokémon smells this mint, its Speed will grow more easily, but its Defense will grow more slowly.;;
1249;When a Pokémon smells this mint, its Speed will grow more easily, but its Sp. Atk will grow more slowly.;;
1250;When a Pokémon smells this mint, its Speed will grow more easily, but its Sp. Def will grow more slowly.;;
1251;When a Pokémon smells this mint, all of its stats will grow at an equal rate.;;
1252;A strange stone that supposedly fulfills wishes.;;
1253;A peculiar teapot that can make a certain species of Pokémon evolve. It may be cracked, but tea poured from it is delicious.;;
1254;A peculiar teapot that can make a certain species of Pokémon evolve. It may be chipped, but tea poured from it is delicious.;;
1255;Strange earbuds that allow you to freely control the volume of various sounds.;;
1256;---;;
1257;---;;
1258;---;;
1259;---;;
1260;---;;
1261;---;;
1262;---;;
1263;---;;
1264;---;;
1265;---;;
1266;This bike can be combined with the Pokémon Rotom to not only do a turbo boost but also run on the water.;;
1267;Holding it is said to increase the chance of getting a critical catch. Curiously, the charm doesn't shake much.;;
1268;Holding it is said to increase the chance of wishes becoming true.;;
1269;A letter entrusted to you by a girl, to be delivered to a boy. Strangely, it looks old to you.;;
1270;It's signed by all members of the Galar region's most charismatic band, the Maximizers.;;
1271;Professor Sonia's published writings. Her new discoveries about the Galar region's legends are recorded in this enjoyable read.;;
1272;---;;
1273;---;;
1274;---;;
1275;---;;
1276;---;;
1277;---;;
1278;A catalog of devices that Rotom like. Use the catalog to have Rotom hop in and out of the various devices listed within.;;
