0000,???,???,？？？,???,???,???,
0001,Bulbasaur,Bisasam,フシギダネ,Bulbizarre,Bulbasaur,Bulbasaur,
0002,Ivysaur,Bisaknosp,フシギソウ,Herbizarre,Ivysaur,Ivysaur,
0003,Venusaur,Bisaflor,フシギバナ,Florizarre,Venusaur,Venusaur,
0004,Charmander,Glumanda,ヒトカゲ,Salamèche,Charmander,Charmander,
0005,Charmeleon,Glutexo,リザード,Reptincel,Charmeleon,Charmeleon,
0006,Charizard,Glurak,リザードン,Dracaufeu,Charizard,Charizard,
0007,Squirtle,Schiggy,ゼニガメ,Carapuce,Squirtle,Squirtle,
0008,Wartortle,Schillok,カメール,Carabaffe,Wartortle,Wartortle,
0009,Blastoise,Turtok,カメックス,Tortank,Blastoise,Blastoise,
0010,Caterpie,Raupy,キャタピー,Chenipan,Caterpie,Caterpie,
0011,Metapod,Safcon,トランセル,Chrysacier,Metapod,Metapod,
0012,Butterfree,Smettbo,バタフリー,Papilusion,Butterfree,Butterfree,
0013,Weedle,Hornliu,ビードル,Aspicot,Weedle,Weedle,
0014,Kakuna,Kokuna,コクーン,Coconfort,Kakuna,Kakuna,
0015,Beedrill,Bibor,スピアー,Dardargnan,Beedrill,Beedrill,
0016,Pidgey,Taubsi,ポッポ,Roucool,Pidgey,Pidgey,
0017,Pidgeotto,Tauboga,ピジョン,Roucoups,Pidgeotto,Pidgeotto,
0018,Pidgeot,Tauboss,ピジョット,Roucarnage,Pidgeot,Pidgeot,
0019,Rattata,Rattfratz,コラッタ,Rattata,Rattata,Rattata,
0020,Raticate,Rattikarl,ラッタ,Rattatac,Raticate,Raticate,
0021,Spearow,Habitak,オニスズメ,Piafabec,Spearow,Spearow,
0022,Fearow,Ibitak,オニドリル,Rapasdepic,Fearow,Fearow,
0023,Ekans,Rettan,アーボ,Abo,Ekans,Ekans,
0024,Arbok,Arbok,アーボック,Arbok,Arbok,Arbok,
0025,Pikachu,Pikachu,ピカチュウ,Pikachu,Pikachu,Pikachu,
0026,Raichu,Raichu,ライチュウ,Raichu,Raichu,Raichu,
0027,Sandshrew,Sandan,サンド,Sabelette,Sandshrew,Sandshrew,
0028,Sandslash,Sandamer,サンドパン,Sablaireau,Sandslash,Sandslash,
0029,Nidoran},Nidoran},ニドラン♀,Nidoran},Nidoran},Nidoran},
0030,Nidorina,Nidorina,ニドリーナ,Nidorina,Nidorina,Nidorina,
0031,Nidoqueen,Nidoqueen,ニドクイン,Nidoqueen,Nidoqueen,Nidoqueen,
0032,Nidoran{,Nidoran{,ニドラン♂,Nidoran{,Nidoran{,Nidoran{,
0033,Nidorino,Nidorino,ニドリーノ,Nidorino,Nidorino,Nidorino,
0034,Nidoking,Nidoking,ニドキング,Nidoking,Nidoking,Nidoking,
0035,Clefairy,Piepi,ピッピ,Mélofée,Clefairy,Clefairy,
0036,Clefable,Pixi,ピクシー,Mélodelfe,Clefable,Clefable,
0037,Vulpix,Vulpix,ロコン,Goupix,Vulpix,Vulpix,
0038,Ninetales,Vulnona,キュウコン,Feunard,Ninetales,Ninetales,
0039,Jigglypuff,Pummeluff,プリン,Rondoudou,Jigglypuff,Jigglypuff,
0040,Wigglytuff,Knuddeluff,プクリン,Grodoudou,Wigglytuff,Wigglytuff,
0041,Zubat,Zubat,ズバット,Nosferapti,Zubat,Zubat,
0042,Golbat,Golbat,ゴルバット,Nosferalto,Golbat,Golbat,
0043,Oddish,Myrapla,ナゾノクサ,Mystherbe,Oddish,Oddish,
0044,Gloom,Duflor,クサイハナ,Ortide,Gloom,Gloom,
0045,Vileplume,Giflor,ラフレシア,Rafflesia,Vileplume,Vileplume,
0046,Paras,Paras,パラス,Paras,Paras,Paras,
0047,Parasect,Parasek,パラセクト,Parasect,Parasect,Parasect,
0048,Venonat,Bluzuk,コンパン,Mimitoss,Venonat,Venonat,
0049,Venomoth,Omot,モルフォン,Aéromite,Venomoth,Venomoth,
0050,Diglett,Digda,ヂィグダ,Taupiqueur,Diglett,Diglett,
0051,Dugtrio,Digdri,ダグトリオ,Triopikeur,Dugtrio,Dugtrio,
0052,Meowth,Mauzi,ニャース,Miaouss,Meowth,Meowth,
0053,Persian,Snobilikat,ペルシアン,Persian,Persian,Persian,
0054,Psyduck,Enton,コダック,Psykokwak,Psyduck,Psyduck,
0055,Golduck,Entoron,ゴルダック,Akwakwak,Golduck,Golduck,
0056,Mankey,Mankey,マンキー,Férosinge,Mankey,Mankey,
0057,Primeape,Rasaff,オコリザル,Colosinge,Primeape,Primeape,
0058,Growlithe,Fuakno,ガーヂィ,Caninos,Growlithe,Growlithe,
0059,Arcanine,Arkani,ウインヂィ,Arcanin,Arcanine,Arcanine,
0060,Poliwag,Quapsel,ニョロモ,Ptitard,Poliwag,Poliwag,
0061,Poliwhirl,Quaputzi,ニョロゾ,Têtarte,Poliwhirl,Poliwhirl,
0062,Poliwrath,Quappo,ニョロボン,Tartard,Poliwrath,Poliwrath,
0063,Abra,Abra,ケーシィ,Abra,Abra,Abra,
0064,Kadabra,Kadabra,ユンゲラー,Kadabra,Kadabra,Kadabra,
0065,Alakazam,Simsala,フーヂィン,Alakazam,Alakazam,Alakazam,
0066,Machop,Machollo,ワンリキー,Machoc,Machop,Machop,
0067,Machoke,Maschock,ゴーリキー,Machopeur,Machoke,Machoke,
0068,Machamp,Machomei,カイリキー,Mackogneur,Machamp,Machamp,
0069,Bellsprout,Knofensa,マダツボミ,Chétiflor,Bellsprout,Bellsprout,
0070,Weepinbell,Ultrigaria,ウツドン,Boustiflor,Weepinbell,Weepinbell,
0071,Victreebel,Sarzenia,ウツボット,Empiflor,Victreebel,Victreebel,
0072,Tentacool,Tentacha,メノクラゲ,Tentacool,Tentacool,Tentacool,
0073,Tentacruel,Tentoxa,ドククラゲ,Tentacruel,Tentacruel,Tentacruel,
0074,Geodude,Kleinstein,イシツブテ,Racaillou,Geodude,Geodude,
0075,Graveler,Georok,ゴローン,Gravalanch,Graveler,Graveler,
0076,Golem,Geowaz,ゴローニャ,Grolem,Golem,Golem,
0077,Ponyta,Ponyta,ポニータ,Ponyta,Ponyta,Ponyta,
0078,Rapidash,Gallopa,ギャロップ,Galopa,Rapidash,Rapidash,
0079,Slowpoke,Flegmon,ヤドン,Ramoloss,Slowpoke,Slowpoke,
0080,Slowbro,Lahmus,ヤドラン,Flagadoss,Slowbro,Slowbro,
0081,Magnemite,Magnetilo,コイル,Magnéti,Magnemite,Magnemite,
0082,Magneton,Magneton,レアコイル,Magnéton,Magneton,Magneton,
0083,Farfetch'd,Porenta,カモネギ,Canarticho,Farfetch'd,Farfetch'd,
0084,Doduo,Dodu,ドードー,Doduo,Doduo,Doduo,
0085,Dodrio,Dodri,ドードリオ,Dodrio,Dodrio,Dodrio,
0086,Seel,Jurob,パウワウ,Otaria,Seel,Seel,
0087,Dewgong,Jugong,ジュゴン,Lamantine,Dewgong,Dewgong,
0088,Grimer,Sleima,ベトベター,Tadmorv,Grimer,Grimer,
0089,Muk,Sleimok,ベトベトン,Grotadmorv,Muk,Muk,
0090,Shellder,Muschas,シェルダー,Kokiyas,Shellder,Shellder,
0091,Cloyster,Austos,パルシェン,Crustabri,Cloyster,Cloyster,
0092,Gastly,Nebulak,ゴース,Fantominus,Gastly,Gastly,
0093,Haunter,Apollo,ゴースト,Spectrum,Haunter,Haunter,
0094,Gengar,Gengar,ゲンガー,Ectoplasma,Gengar,Gengar,
0095,Onix,Onix,イワーク,Onix,Onix,Onix,
0096,Drowzee,Traumato,スリープ,Soporifik,Drowzee,Drowzee,
0097,Hypno,Hypno,スリーパー,Hypnomade,Hypno,Hypno,
0098,Krabby,Krabby,クラブ,Krabby,Krabby,Krabby,
0099,Kingler,Kingler,キングラー,Krabboss,Kingler,Kingler,
0100,Voltorb,Voltobal,ビリリダマ,Voltorbe,Voltorb,Voltorb,
0101,Electrode,Lektrobal,マルマリン,Électrode,Electrode,Electrode,
0102,Exeggcute,Owei,タマタマ,Noeunoeuf,Exeggcute,Exeggcute,
0103,Exeggutor,Kokowei,ナッシー,Noadkoko,Exeggutor,Exeggutor,
0104,Cubone,Tragosso,カラカラ,Osselait,Cubone,Cubone,
0105,Marowak,Knogga,ガラガラ,Ossatueur,Marowak,Marowak,
0106,Hitmonlee,Kicklee,サワムラー,Kicklee,Hitmonlee,Hitmonlee,
0107,Hitmonchan,Nokchan,エビワラー,Tygnon,Hitmonchan,Hitmonchan,
0108,Lickitung,Schlurp,ベロリンガ,Excelangue,Lickitung,Lickitung,
0109,Koffing,Smogon,ドガース,Smogo,Koffing,Koffing,
0110,Weezing,Smogmog,マタドカース,Smogogo,Weezing,Weezing,
0111,Rhyhorn,Rihorn,サイホーン,Rhinocorne,Rhyhorn,Rhyhorn,
0112,Rhydon,Rizeros,サイドン,Rhinoféros,Rhydon,Rhydon,
0113,Chansey,Chaneira,ラッキ,Leveinard,Chansey,Chansey,
0114,Tangela,Tangela,モンジャラ,Saquedeneu,Tangela,Tangela,
0115,Kangaskhan,Kangama,ガルーラ,Kangourex,Kangaskhan,Kangaskhan,
0116,Horsea,Seeper,タッツー,Hypotrempe,Horsea,Horsea,
0117,Seadra,Seemon,シードラ,Hypocéan,Seadra,Seadra,
0118,Goldeen,Goldini,トサキント,Poissirène,Goldeen,Goldeen,
0119,Seaking,Golking,アズマオウ,Poissoroy,Seaking,Seaking,
0120,Staryu,Sterndu,ヒトデマン,Stari,Staryu,Staryu,
0121,Starmie,Starmie,スターミー,Staross,Starmie,Starmie,
0122,Mr. Mime,Pantimos,バリヤード,M. Mime,Mr. Mime,Mr. Mime,
0123,Scyther,Sichlor,ストライク,Insécateur,Scyther,Scyther,
0124,Jynx,Rossana,ルージュラ,Lippoutou,Jynx,Jynx,
0125,Electabuzz,Elektek,エレブー,Élektek,Electabuzz,Electabuzz,
0126,Magmar,Magmar,ブーバー,Magmar,Magmar,Magmar,
0127,Pinsir,Pinsir,カイロス,Scarabrute,Pinsir,Pinsir,
0128,Tauros,Tauros,ケンタロス,Tauros,Tauros,Tauros,
0129,Magikarp,Magikarp,コイキング,Magicarpe,Magikarp,Magikarp,
0130,Gyarados,Garados,ギャラドス,Léviator,Gyarados,Gyarados,
0131,Lapras,Lapras,ラプラス,Lokhlass,Lapras,Lapras,
0132,Ditto,Ditto,メタモン,Métamorph,Ditto,Ditto,
0133,Eevee,Evoli,イーブイ,Évoli,Eevee,Eevee,
0134,Vaporeon,Aquana,シャワーズ,Aquali,Vaporeon,Vaporeon,
0135,Jolteon,Blitza,サンダース,Voltali,Jolteon,Jolteon,
0136,Flareon,Flamara,ブースター,Pyroli,Flareon,Flareon,
0137,Porygon,Porygon,ポリゴン,Porygon,Porygon,Porygon,
0138,Omanyte,Amonitas,オムナイト,Amonita,Omanyte,Omanyte,
0139,Omastar,Amoroso,オムスター,Amonistar,Omastar,Omastar,
0140,Kabuto,Kabuto,カブト,Kabuto,Kabuto,Kabuto,
0141,Kabutops,Kabutops,カブトプス,Kabutops,Kabutops,Kabutops,
0142,Aerodactyl,Aerodactyl,プテラ,Ptéra,Aerodactyl,Aerodactyl,
0143,Snorlax,Relaxo,カビゴン,Ronflex,Snorlax,Snorlax,
0144,Articuno,Arktos,フリーザー,Artikodin,Articuno,Articuno,
0145,Zapdos,Zapdos,サンダー,Électhor,Zapdos,Zapdos,
0146,Moltres,Lavados,ファイヤー,Sulfura,Moltres,Moltres,
0147,Dratini,Dratini,ミニリュウ,Minidraco,Dratini,Dratini,
0148,Dragonair,Dragonir,ハクリュウ,Draco,Dragonair,Dragonair,
0149,Dragonite,Dragoran,カイリュウ,Dracolosse,Dragonite,Dragonite,
0150,Mewtwo,Mewtu,ミュウツー,Mewtwo,Mewtwo,Mewtwo,
0151,Mew,Mew,ミュウ,Mew,Mew,Mew,
0152,Chikorita,Endivie,チコリータ,Germinion,Chikorita,Chikorita,
0153,Bayleef,Lorblatt,ベイリーフ,Macronium,Bayleef,Bayleef,
0154,Meganium,Meganie,メガニウム,Méganium,Meganium,Meganium,
0155,Cyndaquil,Feuriegel,ヒノアラシ,Héricendre,Cyndaquil,Cyndaquil,
0156,Quilava,Igelavar,マグマラシ,Feurisson,Quilava,Quilava,
0157,Typhlosion,Tornupto,バクフーン,Typhlosion,Typhlosion,Typhlosion,
0158,Totodile,Karnimani,ワニノコ,Kaiminus,Totodile,Totodile,
0159,Croconaw,Tyracroc,アリゲイツ,Crocrodil,Croconaw,Croconaw,
0160,Feraligatr,Impergator,オーダイル,Aligatueur,Feraligatr,Feraligatr,
0161,Sentret,Wiesor,オタチ,Fouinette,Sentret,Sentret,
0162,Furret,Wiesenior,オオタチ,Fouinar,Furret,Furret,
0163,Hoothoot,Hoothoot,ホホーホー,Hoothoot,Hoothoot,Hoothoot,
0164,Noctowl,Noctuh,ヨルノズク,Noarfang,Noctowl,Noctowl,
0165,Ledyba,Ledyba,レヂィバ,Coxy,Ledyba,Ledyba,
0166,Ledian,Ledian,レヂィアン,Coxyclaque,Ledian,Ledian,
0167,Spinarak,Webarak,イトマル,Mimigal,Spinarak,Spinarak,
0168,Ariados,Ariados,アリアドス,Migalos,Ariados,Ariados,
0169,Crobat,Iksbat,クロバット,Nostenfer,Crobat,Crobat,
0170,Chinchou,Lampi,チョンチー,Loupio,Chinchou,Chinchou,
0171,Lanturn,Lanturn,ランターン,Lanturn,Lanturn,Lanturn,
0172,Pichu,Pichu,ピチュウ,Pichu,Pichu,Pichu,
0173,Cleffa,Pii,ピィ,Mélo,Cleffa,Cleffa,
0174,Igglybuff,Fluffefeluff,ププリン,Toudoudou,Igglybuff,Igglybuff,
0175,Togepi,Togepi,トゲピー,Togepi,Togepi,Togepi,
0176,Togetic,Togetic,トゲチック,Togetic,Togetic,Togetic,
0177,Natu,Natu,ネイチィ,Natu,Natu,Natu,
0178,Xatu,Xatu,ネイチィオ,Xatu,Xatu,Xatu,
0179,Mareep,Voltilamm,メリープ,Wattouat,Mareep,Mareep,
0180,Flaaffy,Waaty,モココ,Lainergie,Flaaffy,Flaaffy,
0181,Ampharos,mpharos,デンリュウ,Pharamp,Ampharos,Ampharos,
0182,Bellossom,Blubella,キレイハナ,Joliflor,Bellossom,Bellossom,
0183,Marill,Marill,マリル,Marill,Marill,Marill,
0184,Azumarill,Azumarill,マリルリ,Azumarill,Azumarill,Azumarill,
0185,Sudowoodo,Mogelbaum,ウソッキー,Simularbre,Sudowoodo,Sudowoodo,
0186,Politoed,Quaxo,ニョロトノ,Tarpaud,Politoed,Politoed,
0187,Hoppip,Hoppspross,ハネッコ,Granivol,Hoppip,Hoppip,
0188,Skiploom,Hubelupf,ポポッコ,Floravol,Skiploom,Skiploom,
0189,Jumpluff,Papungha,ワタッコ,Cotovol,Jumpluff,Jumpluff,
0190,Aipom,Griffel,エイパム,Capumain,Aipom,Aipom,
0191,Sunkern,Sonnkern,ヒマナッツ,Tournegrain,Sunkern,Sunkern,
0192,Sunflora,Sonflora,キミワリ,Héliatronc,Sunflora,Sunflora,
0193,Yanma,Yanma,ヤンヤンマ,Yanma,Yanma,Yanma,
0194,Wooper,Felino,ウパー,Axoloto,Wooper,Wooper,
0195,Quagsire,Morlord,ヌオー,Maraiste,Quagsire,Quagsire,
0196,Espeon,Psiana,エーフィ,Mentali,Espeon,Espeon,
0197,Umbreon,Nachtara,ブラッキー,Noctali,Umbreon,Umbreon,
0198,Murkrow,Kramurx,ヤミカラス,Cornèbre,Murkrow,Murkrow,
0199,Slowking,Laschoking,ヤドキング,Roigada,Slowking,Slowking,
0200,Misdreavus,Traunmagil,ムウマ,Feuforève,Misdreavus,Misdreavus,
0201,Unown,Icognito,アンノーン,Zarbi,Unown,Unown,
0202,Wobbuffet,Woingenau,ソーナンス,Qulbutoké,Wobbuffet,Wobbuffet,
0203,Girafarig,Girafarig,キリンリキ,Girafarig,Girafarig,Girafarig,
0204,Pineco,Tanza,クヌギダマ,Pomdepik,Pineco,Pineco,
0205,Forretress,Forstellka,フォレトス,Foretress,Forretress,Forretress,
0206,Dunsparce,Dummisel,ノコッチ,Insolourdo,Dunsparce,Dunsparce,
0207,Gligar,Skorgla,グライガー,Scorplane,Gligar,Gligar,
0208,Steelix,Stahlos,ハガネール,Steelix,Steelix,Steelix,
0209,Snubbull,Snubbull,ブルー,Snubbull,Snubbull,Snubbull,
0210,Granbull,Granbull,グランブル,Granbull,Granbull,Granbull,
0211,Qwilfish,Baldorfish,ハリーセン,Qwilfish,Qwilfish,Qwilfish,
0212,Scizor,Scherox,ハッサム,Cizayox,Scizor,Scizor,
0213,Shuckle,Pottrott,ツボツボ,Caratroc,Shuckle,Shuckle,
0214,Heracross,Skarabon,ヘラクロス,Scarhino,Heracross,Heracross,
0215,Sneasel,Sniebel,ニューラ,Farfuret,Sneasel,Sneasel,
0216,Teddiursa,Teddiursa,ヒメグマ,Teddiursa,Teddiursa,Teddiursa,
0217,Ursaring,Ursaring,リングマ,Ursaring,Ursaring,Ursaring,
0218,Slugma,Schneckmag,マグマッグ,Limagma,Slugma,Slugma,
0219,Magcargo,Magcargo,マグカルゴ,Volcaropod,Magcargo,Magcargo,
0220,Swinub,Quiekel,ウリムー,Marcacrin,Swinub,Swinub,
0221,Piloswine,Keifel,イノムー,Cochignon,Piloswine,Piloswine,
0222,Corsola,Corasonn,サニーゴ,Corayon,Corsola,Corsola,
0223,Remoraid,Remoraid,テッポウオ,Rémoraid,Remoraid,Remoraid,
0224,Octillery,Octillery,オクタン,Octillery,Octillery,Octillery,
0225,Delibird,Botogel,デリバード,Cadoizo,Delibird,Delibird,
0226,Mantine,mantax,マンタイン,Démanta,Mantine,Mantine,
0227,Skarmory,Panzaeron,エアームド,Airmure,Skarmory,Skarmory,
0228,Houndour,Hunduster,デルビル,Malosse,Houndour,Houndour,
0229,Houndoom,Hundemon,ヘルガー,Démolosse,Houndoom,Houndoom,
0230,Kingdra,Seedraking,キングドラ,Hyporoi,Kingdra,Kingdra,
0231,Phanpy,Phanpy,ゴマゾウ,Phanpy,Phanpy,Phanpy,
0232,Donphan,Donphan,ドンファン,Donphan,Donphan,Donphan,
0233,Porygon2,Porygon2,ポリゴン２,Porygon2,Porygon2,Porygon2,
0234,Stantler,Damhirplex,オドシシ,Cerfrousse,Stantler,Stantler,
0235,Smeargle,Farbeagle,ドーブル,Queulorior,Smeargle,Smeargle,
0236,Tyrogue,Rabauz,バルキー,Debugant,Tyrogue,Tyrogue,
0237,Hitmontop,Kapoera,カポエラー,Kapoera,Hitmontop,Hitmontop,
0238,Smoochum,Kussilla,ムチュール,Lippouti,Smoochum,Smoochum,
0239,Elekid,Elekid,エレキッド,Élékid,Elekid,Elekid,
0240,Magby,Magby,ブビィ,Magby,Magby,Magby,
0241,Miltank,Miltank,ミルタンク,Écrémeuh,Miltank,Miltank,
0242,Blissey,Heiteira,ハピナス,Leuphorie,Blissey,Blissey,
0243,Raikou,Raikou,ライコウ,Raikou,Raikou,Raikou,
0244,Entei,Entei,エンテイ,Entei,Entei,Entei,
0245,Suicune,Suicune,スイクン,Suicune,Suicune,Suicune,
0246,Larvitar,Larvitar,ヨーギラス,Embrylex,Larvitar,Larvitar,
0247,Pupitar,Pupitar,サナギラス,Ymphect,Pupitar,Pupitar,
0248,Tyranitar,Despotar,バンギラス,Tyranocif,Tyranitar,Tyranitar,
0249,Lugia,Lugia,ルギア,Lugia,Lugia,Lugia,
0250,Ho-Oh,Ho-Oh,ホウオウ,Ho-Oh,Ho-Oh,Ho-Oh,
0251,Celebi,Celebi,セリビィ,Celebi,Celebi,Celebi,
0252,Treecko,Geckabor,キモリ,Arcko,Treecko,Treecko,
0253,Grovyle,Reptain,ジュプトル,Massko,Grovyle,Grovyle,
0254,Sceptile,Gewaldro,ジュカイン,Jungko,Sceptile,Sceptile,
0255,Torchic,Flemmli,アチャモ,Poussifeu,Torchic,Torchic,
0256,Combusken,Jungglut,ワカシャモ,Galifeu,Combusken,Combusken,
0257,Blaziken,Lohgock,バシャーモ,Braségali,Blaziken,Blaziken,
0258,Mudkip,Hydropi,ミズゴロウ,Gobou,Mudkip,Mudkip,
0259,Marshtomp,Moorabble,ヌマクロー,Flobio,Marshtomp,Marshtomp,
0260,Swampert,Sumpex,ラグラージ,Laggron,Swampert,Swampert,
0261,Poochyena,Fiffyen,ポチエナ,Medhyèna,Poochyena,Poochyena,
0262,Mightyena,Magnayen,グラエナ,Grahyèna,Mightyena,Mightyena,
0263,Zigzagoon,Zigzachs,ジグザグマ,Zigzaton,Zigzagoon,Zigzagoon,
0264,Linoone,Geradaks,マッスグマ,Linéon,Linoone,Linoone,
0265,Wurmple,Waumpel,ケムッソ,Chenipotte,Wurmple,Wurmple,
0266,Silcoon,Schaloko,カラサリス,Armulys,Silcoon,Silcoon,
0267,Beautifly,Papinella,アゲハント,Charmillon,Beautifly,Beautifly,
0268,Cascoon,Panekon,マユルド,Blindalys,Cascoon,Cascoon,
0269,Dustox,Pudox,ドクケイル,Papinox,Dustox,Dustox,
0270,Lotad,Loturzel,ハスボー,Nénupiot,Lotad,Lotad,
0271,Lombre,Lombrero,ハスブレロ,Lombre,Lombre,Lombre,
0272,Ludicolo,Kappalores,ルンパッパ,Ludicolo,Ludicolo,Ludicolo,
0273,Seedot,Samurzel,タネボー,Grainipiot,Seedot,Seedot,
0274,Nuzleaf,Blanas,コノハナ,Pifeuil,Nuzleaf,Nuzleaf,
0275,Shiftry,Tengulist,ダーテング,Tengalice,Shiftry,Shiftry,
0276,Taillow,Schwalbini,スバメ,Nirondelle,Taillow,Taillow,
0277,Swellow,Schwalboss,オオスバメ,Hélédelle,Swellow,Swellow,
0278,Wingull,Wingull,キャモメ,Goélise,Wingull,Wingull,
0279,Pelipper,Pelipper,ペリッパー,Bekipan,Pelipper,Pelipper,
0280,Ralts,Trasla,ラルトス,Tarsal,Ralts,Ralts,
0281,Kirlia,Kirlia,キルリア,Kirlia,Kirlia,Kirlia,
0282,Gardevoir,Guardevoir,サーナイト,Gardevoir,Gardevoir,Gardevoir,
0283,Surskit,Gehweiher,アメタマ,Arakdo,Surskit,Surskit,
0284,Masquerain,Maskeregen,アメモース,Maskadra,Masquerain,Masquerain,
0285,Shroomish,Knilz,キノココ,Balignon,Shroomish,Shroomish,
0286,Breloom,Kapilz,キノガッサ,Chapignon,Breloom,Breloom,
0287,Slakoth,Bummelz,ナマケロ,Parecool,Slakoth,Slakoth,
0288,Vigoroth,Muntier,ヤルキモノ,Vigoroth,Vigoroth,Vigoroth,
0289,Slaking,Letarking,ケッキング,Monaflèmit,Slaking,Slaking,
0290,Nincada,Nincada,ツチニン,Ningale,Nincada,Nincada,
0291,Ninjask,Ninjask,テッカニン,Ninjask,Ninjask,Ninjask,
0292,Shedinja,Ninjatom,ヌケニン,Munja,Shedinja,Shedinja,
0293,Whismur,Flurmel,ゴニョニョ,Chuchmur,Whismur,Whismur,
0294,Loudred,Krakeelo,ドゴーム,Ramboum,Loudred,Loudred,
0295,Exploud,Krawumms,バクオング,Brouhabam,Exploud,Exploud,
0296,Makuhita,Makuhita,マクノシタ,Makuhita,Makuhita,Makuhita,
0297,Hariyama,Hariyama,ハリテヤマ,Hariyama,Hariyama,Hariyama,
0298,Azurill,Azurill,ルリリ,Azurill,Azurill,Azurill,
0299,Nosepass,Nasgnet,ノズパス,Tarinor,Nosepass,Nosepass,
0300,Skitty,Eneco,エネコ,Skitty,Skitty,Skitty,
0301,Delcatty,Enekoro,エネコロロ,Delcatty,Delcatty,Delcatty,
0302,Sableye,Zobiris,ヤミラミ,Ténéfix,Sableye,Sableye,
0303,Mawile,Flunkifer,クチート,Mysdibule,Mawile,Mawile,
0304,Aron,Stollunior,ココドラ,Galekid,Aron,Aron,
0305,Lairon,Stollrak,コドラ,Galegon,Lairon,Lairon,
0306,Aggron,Stolloss,バスゴドラ,Galeking,Aggron,Aggron,
0307,Meditite,Meditie,アサナン,Méditikka,Meditite,Meditite,
0308,Medicham,Meditalis,チャーレム,Charmina,Medicham,Medicham,
0309,Electrike,Frizelbliz,ラクライ,Dynavolt,Electrike,Electrike,
0310,Manectric,Voltenso,ライボルト,Élecsprint,Manectric,Manectric,
0311,Plusle,Plusle,プラスル,Posipi,Plusle,Plusle,
0312,Minun,Minun,マイナン,Négapi,Minun,Minun,
0313,Volbeat,Volbeat,バルビート,Muciole,Volbeat,Volbeat,
0314,Illumise,Illumise,イルミーゼ,Lumivole,Illumise,Illumise,
0315,Roselia,Roselia,ロゼリア,Rosélia,Roselia,Roselia,
0316,Gulpin,Schluppuck,ゴクリン,Gloupti,Gulpin,Gulpin,
0317,Swalot,Schluckwech,マルノーム,Avaltout,Swalot,Swalot,
0318,Carvanha,kanivanha,キバニア,Carvanha,Carvanha,Carvanha,
0319,Sharpedo,Tohaido,サメハダー,Sharpedo,Sharpedo,Sharpedo,
0320,Wailmer,Wailmer,ホエルコ,Wailmer,Wailmer,Wailmer,
0321,Wailord,Wailord,ホエルオー,Wailord,Wailord,Wailord,
0322,Numel,Camaub,ドンメル,Chamallot,Numel,Numel,
0323,Camerupt,Camerupt,バクーダ,Camerupt,Camerupt,Camerupt,
0324,Torkoal,Qurtel,コータス,Chartor,Torkoal,Torkoal,
0325,Spoink,Spoink,バネブー,Spoink,Spoink,Spoink,
0326,Grumpig,Groink,ブーピッグ,Groret,Grumpig,Grumpig,
0327,Spinda,Pandir,パッチール,Spinda,Spinda,Spinda,
0328,Trapinch,Knacklion,ナックラー,Kraknoix,Trapinch,Trapinch,
0329,Vibrava,Vibrara,ビブラーバ,Vibraninf,Vibrava,Vibrava,
0330,Flygon,Libelldra,フライゴン,Libégon,Flygon,Flygon,
0331,Cacnea,Tuska,サボネア,Cacnéa,Cacnea,Cacnea,
0332,Cacturne,Noktuska,ノクタス,Cacturne,Cacturne,Cacturne,
0333,Swablu,Wablu,チルット,Tylton,Swablu,Swablu,
0334,Altaria,Altaria,チルタリス,Altaria,Altaria,Altaria,
0335,Zangoose,Sengo,ザングース,Mangriff,Zangoose,Zangoose,
0336,Seviper,Vipitis,ハブネーク,Séviper,Seviper,Seviper,
0337,Lunatone,Lunastein,ルナトーン,Séléroc,Lunatone,Lunatone,
0338,Solrock,Sonnfel,ソルロック,Solaroc,Solrock,Solrock,
0339,Barboach,Schmerbe,ドジョッチ,Barloche,Barboach,Barboach,
0340,Whiscash,Welsar,ナマズン,Barbicha,Whiscash,Whiscash,
0341,Corphish,Krebscorps,ヘイガニ,Écrapince,Corphish,Corphish,
0342,Crawdaunt,Krebutack,シザリガー,Colhomard,Crawdaunt,Crawdaunt,
0343,Baltoy,Puppance,ヤジロン,Balbuto,Baltoy,Baltoy,
0344,Claydol,Lepumentas,ネンドール,Kaorine,Claydol,Claydol,
0345,Lileep,Liliep,リリーヤ,Lilia,Lileep,Lileep,
0346,Cradily,Wielie,ユレイドル,Vacilys,Cradily,Cradily,
0347,Anorith,Anorith,アノプス,Anorith,Anorith,Anorith,
0348,Armaldo,Armaldo,アーマルド,Armaldo,Armaldo,Armaldo,
0349,Feebas,Barschwa,ヒンバス,Barpau,Feebas,Feebas,
0350,Milotic,Milotic,ミロカロス,Milobellus,Milotic,Milotic,
0351,Castform,Formeo,ポワルン,Morphéo,Castform,Castform,
0352,Kecleon,Kecleon,カクレオン,Kecleon,Kecleon,Kecleon,
0353,Shuppet,Bannette,カゲボオズ,Polichombr,Shuppet,Shuppet,
0354,Banette,Zwirllicht,ジュペッタ,Branette,Banette,Banette,
0355,Duskull,Zwirrklop,ヨマワル,Skelénox,Duskull,Duskull,
0356,Dusclops,Zwirrfinst,サマヨール,Téraclope,Dusclops,Dusclops,
0357,Tropius,Tropius,トロピウス,Tropius,Tropius,Tropius,
0358,Chimecho,Palimpalim,チリーン,Éoko,Chimecho,Chimecho,
0359,Absol,Absol,アブソル,Absol,Absol,Absol,
0360,Wynaut,Isso,ソーナノ,Okéoké,Wynaut,Wynaut,
0361,Snorunt,Schneppke,ユキワラシ,Stalgamin,Snorunt,Snorunt,
0362,Glalie,Fimontor,オニゴーリ,Oniglali,Glalie,Glalie,
0363,Spheal,Seemops,タマザラシ,Obalie,Spheal,Spheal,
0364,Sealeo,Seejong,トドグラ,Phogleur,Sealeo,Sealeo,
0365,Walrein,Walraisa,トドゼルガ,Kaimorse,Walrein,Walrein,
0366,Clamperl,Perlu,パールル,Coquiperl,Clamperl,Clamperl,
0367,Huntail,Aalabyss,ハンテール,Serpang,Huntail,Huntail,
0368,Gorebyss,Saganbyss,サクラビス,Rosabyss,Gorebyss,Gorebyss,
0369,Relicanth,Relicanth,ジーランス,Relicanth,Relicanth,Relicanth,
0370,Luvdisc,Liebiskuss,ラブカス,Lovdisc,Luvdisc,Luvdisc,
0371,Bagon,Kindwurm,タツベイ,Draby,Bagon,Bagon,
0372,Shelgon,Draschel,コモルー,Drackhaus,Shelgon,Shelgon,
0373,Salamence,Brutalanda,ボーマンダ,Drattak,Salamence,Salamence,
0374,Beldum,Tanhel,ダンバル,Terhal,Beldum,Beldum,
0375,Metang,Metang,メタング,Métang,Metang,Metang,
0376,Metagross,Metagross,メタグロス,Métalosse,Metagross,Metagross,
0377,Regirock,Regirock,レジロック,Regirock,Regirock,Regirock,
0378,Regice,Regice,レジアイス,Regice,Regice,Regice,
0379,Registeel,Registeel,レジスチル,Registeel,Registeel,Registeel,
0380,Latias,Latias,ラティアス,Latias,Latias,Latias,
0381,Latios,Latios,ラティオス,Latios,Latios,Latios,
0382,Kyogre,Kyogre,カイオーガ,Kyogre,Kyogre,Kyogre,
0383,Groudon,Groudon,グラードン,Groudon,Groudon,Groudon,
0384,Rayquaza,Rayquaza,レックウザ,Rayquaza,Rayquaza,Rayquaza,
0385,Jirachi,Jirachi,ジラーチ,Jirachi,Jirachi,Jirachi,
0386,Deoxys,Deoxys,ヂオキシス,Deoxys,Deoxys,Deoxys,
0387,Turtwig,Chelast,ナエトル,Tortipouss,Turtwig,Turtwig,
0388,Grotle,Chelcarain,ハヤシガメ,Boskara,Grotle,Grotle,
0389,Torterra,Chelterrar,ドダイトス,Torterra,Torterra,Torterra,
0390,Chimchar,Panflam,ヒコザル,Ouisticram,Chimchar,Chimchar,
0391,Monferno,Panpyro,モウカザル,Chimpenfeu,Monferno,Monferno,
0392,Infernape,Panferno,ゴウカザル,Simiabraz,Infernape,Infernape,
0393,Piplup,Plinfa,ポッチャマ,Tiplouf,Piplup,Piplup,
0394,Prinplup,Pliprin,ポッタイシ,Prinplouf,Prinplup,Prinplup,
0395,Empoleon,Impoleon,エンペルト,Pingoléon,Empoleon,Empoleon,
0396,Starly,Staralili,ムックル,Étourmi,Starly,Starly,
0397,Staravia,Staravia,ムクバード,Étourvol,Staravia,Staravia,
0398,Staraptor,Staraptor,ムクホーク,Étouraptor,Staraptor,Staraptor,
0399,Bidoof,Bidiza,ビッパ,Keunotor,Bidoof,Bidoof,
0400,Bibarel,Bidifas,ビーダル,Castorno,Bibarel,Bibarel,
0401,Kricketot,Zirpurze,コロボーシ,Crikzik,Kricketot,Kricketot,
0402,Kricketune,Zirpeise,コロトック,Mélokrik,Kricketune,Kricketune,
0403,Shinx,Sheinux,コリンク,Lixy,Shinx,Shinx,
0404,Luxio,Luxio,ルクシオ,Luxio,Luxio,Luxio,
0405,Luxray,Luxtra,レントラー,Luxray,Luxray,Luxray,
0406,Budew,Knospi,スボミー,Rozbouton,Budew,Budew,
0407,Roserade,Roserade,ロズレイド,Roserade,Roserade,Roserade,
0408,Cranidos,Koknodon,ズガイドス,Kranidos,Cranidos,Cranidos,
0409,Rampardos,Rameidon,ラムパルド,Charkos,Rampardos,Rampardos,
0410,Shieldon,Schilterus,タテトプス,Dinoclier,Shieldon,Shieldon,
0411,Bastiodon,Bollterus,トリデプス,Bastiodon,Bastiodon,Bastiodon,
0412,Burmy,Burmy,ミノムッチ,Cheniti,Burmy,Burmy,
0413,Wormadam,Burmadame,ミノマダム,Cheniselle,Wormadam,Wormadam,
0414,Mothim,Moterpel,ガーメイル,Papilord,Mothim,Mothim,
0415,Combee,Wadribie,ミツハニー,Apitrini,Combee,Combee,
0416,Vespiquen,Honweisel,ビークイン,Apireine,Vespiquen,Vespiquen,
0417,Pachirisu,Pachirisu,パチリス,Pachirisu,Pachirisu,Pachirisu,
0418,Buizel,Bamelin,ブイゼル,Mustébouée,Buizel,Buizel,
0419,Floatzel,Bojelin,フローゼル,Mustéflott,Floatzel,Floatzel,
0420,Cherubi,Kikugi,チェリンボ,Ceribou,Cherubi,Cherubi,
0421,Cherrim,Kinoso,チェリム,Ceriflor,Cherrim,Cherrim,
0422,Shellos,Schalellos,カラナクシ,Sancoki,Shellos,Shellos,
0423,Gastrodon,Gastrodon,トリトソン,Tritosor,Gastrodon,Gastrodon,
0424,Ambipom,Ambidiffel,エテボース,Capidextre,Ambipom,Ambipom,
0425,Drifloon,Driftlon,フワンテ,Baudrive,Drifloon,Drifloon,
0426,Drifblim,Drifzepeli,フワライド,Grodrive,Drifblim,Drifblim,
0427,Buneary,Haspiror,ミミロル,Laporeille,Buneary,Buneary,
0428,Lopunny,Schlapor,ミミロップ,Lockpin,Lopunny,Lopunny,
0429,Mismagius,Traunmagil,ムウマージ,Magirêve,Mismagius,Mismagius,
0430,Honchkrow,Kramshef,ドンカラス,Corboss,Honchkrow,Honchkrow,
0431,Glameow,Charmian,ミャルマー,Chaglam,Glameow,Glameow,
0432,Purugly,Shnurgarst,ブニャット,Chaffreux,Purugly,Purugly,
0433,Chingling,Klingplim,リーシャン,Korillon,Chingling,Chingling,
0434,Stunky,Skunkapuh,スカンプー,Moufouette,Stunky,Stunky,
0435,Skuntank,Skuntank,スカタンク,Moufflair,Skuntank,Skuntank,
0436,Bronzor,Bronzel,ドーミラー,Archéomire,Bronzor,Bronzor,
0437,Bronzong,Bronzong,ドータクン,Archéodong,Bronzong,Bronzong,
0438,Bonsly,Mobai,ウソハチ,Manzaï,Bonsly,Bonsly,
0439,Mime Jr.,Pantimimi,マネネ,Mime Jr.,Mime Jr.,Mime Jr.,
0440,Happiny,Wonneira,ピンプク,Ptiravi,Happiny,Happiny,
0441,Chatot,Plaudagei,ペラップ,Pijako,Chatot,Chatot,
0442,Spiritomb,Kryppuk,ミカルゲ,Spiritomb,Spiritomb,Spiritomb,
0443,Gible,Kaumalat,フカマル,Griknot,Gible,Gible,
0444,Gabite,Knarksel,ガバイト,Carmache,Gabite,Gabite,
0445,Garchomp,Knakrack,ガブリアス,Carchacrok,Garchomp,Garchomp,
0446,Munchlax,Mampfaxo,ゴンベ,Goinfrex,Munchlax,Munchlax,
0447,Riolu,Riolu,リオル,Riolu,Riolu,Riolu,
0448,Lucario,Lucario,ルカリオ,Lucario,Lucario,Lucario,
0449,Hippopotas,Hippopotas,ヒポポタス,Hippopotas,Hippopotas,Hippopotas,
0450,Hippowdon,Hippoterus,カバルドン,Hippodocus,Hippowdon,Hippowdon,
0451,Skorupi,Pionskora,スコルピ,Rapion,Skorupi,Skorupi,
0452,Drapion,Piondragi,ドラピオン,Drascore,Drapion,Drapion,
0453,Croagunk,Glibunkel,グレッグル,Cradopaud,Croagunk,Croagunk,
0454,Toxicroak,Toxiquak,ドクロッグ,Coatox,Toxicroak,Toxicroak,
0455,Carnivine,Venuflibis,マスキッパ,Vortente,Carnivine,Carnivine,
0456,Finneon,Finneon,ケイコウオ,Écayon,Finneon,Finneon,
0457,Lumineon,Lumineon,ネオラント,Luminéon,Lumineon,Lumineon,
0458,Mantyke,Mantirps,タマンタ,Babimanta,Mantyke,Mantyke,
0459,Snover,Shnebedeck,ユキカブリ,Blizzi,Snover,Snover,
0460,Abomasnow,Rexblisar,ユキノオー,Blizzaroi,Abomasnow,Abomasnow,
0461,Weavile,Snibunna,マニューラ,Dimoret,Weavile,Weavile,
0462,Magnezone,Magnezone,ジバコイル,Magnézone,Magnezone,Magnezone,
0463,Lickilicky,Schlurplek,ベロベルト,Coudlangue,Lickilicky,Lickilicky,
0464,Rhyperior,Rihornior,ドサイドン,Rhinastoc,Rhyperior,Rhyperior,
0465,Tangrowth,Tangoloss,モジャンボ,Bouldeneu,Tangrowth,Tangrowth,
0466,Electivire,Elevoltek,エレキブル,Élékable,Electivire,Electivire,
0467,Magmortar,Magbrant,ブーバーン,Maganon,Magmortar,Magmortar,
0468,Togekiss,Togekiss,トゲキッス,Togekiss,Togekiss,Togekiss,
0469,Yanmega,Yanmega,メガヤンマ,Yanmega,Yanmega,Yanmega,
0470,Leafeon,Folipurba,リーフィア,Phyllali,Leafeon,Leafeon,
0471,Glaceon,Glaziola,グレイシア,Givrali,Glaceon,Glaceon,
0472,Gliscor,Skorgro,グライオン,Scorvol,Gliscor,Gliscor,
0473,Mamoswine,Mamutel,マンムー,Mammochon,Mamoswine,Mamoswine,
0474,Porygon-Z,Porygon-Z,ポリゴンＺ,Porygon-Z,Porygon-Z,Porygon-Z,
0475,Gallade,Galagladi,エルレイド,Gallame,Gallade,Gallade,
0476,Probopass,Voluminas,ダイノーズ,Tarinorme,Probopass,Probopass,
0477,Dusknoir,Zwirrfinst,ヨノワール,Noctunoir,Dusknoir,Dusknoir,
0478,Froslass,Frosdedje,ユキメノコ,Momartik,Froslass,Froslass,
0479,Rotom,Rotom,ロトム,Motisma,Rotom,Rotom,
0480,Uxie,Selfe,ユクシー,Créhelf,Uxie,Uxie,
0481,Mesprit,Vesprit,エムリット,Créfollet,Mesprit,Mesprit,
0482,Azelf,Tobutz,アグノム,Créfadet,Azelf,Azelf,
0483,Dialga,Dialga,ヂィアルガ,Dialga,Dialga,Dialga,
0484,Palkia,Palkia,パルキア,Palkia,Palkia,Palkia,
0485,Heatran,Heatran,ヒードラン,Heatran,Heatran,Heatran,
0486,Regigigas,Regigigas,レジギガス,Regigigas,Regigigas,Regigigas,
0487,Giratina,Giratina,ギラティナ,Giratina,Giratina,Giratina,
0488,Cresselia,Cresselia,クレセリア,Cresselia,Cresselia,Cresselia,
0489,Phione,Phione,フィオネ,Phione,Phione,Phione,
0490,Manaphy,Manaphy,マナフィ,Manaphy,Manaphy,Manaphy,
0491,Darkrai,Darkrai,ダークライ,Darkrai,Darkrai,Darkrai,
0492,Shaymin,Shaymin,シェイミ,Shaymin,Shaymin,Shaymin,
0493,Arceus,Arceus,アルセウス,Arceus,Arceus,Arceus,
0494,Victini,Victini,ビクチイニ,Victini,Victini,Victini,
0495,Snivy,Serpifeu,ツタージャ,Vipélierre,Snivy,Snivy,
0496,Servine,Efoserp,ジャノビー,Lianaja,Servine,Servine,
0497,Serperior,Serpiroyal,ジャローダ,Majaspic,Serperior,Serperior,
0498,Tepig,Floink,ポカブ,Gruikui,Tepig,Tepig,
0499,Pignite,Ferkokel,チャオブー,Grotichon,Pignite,Pignite,
0500,Emboar,Flambirex,エンブオー,Roitiflam,Emboar,Emboar,
0501,Oshawott,Ottaro,ミジュマル,Moustillon,Oshawott,Oshawott,
0502,Dewott,Zwottronin,フタチマル,Mateloutre,Dewott,Dewott,
0503,Samurott,Admurai,ダイケンキ,Clamiral,Samurott,Samurott,
0504,Patrat,Nagelotz,ミネズミ,Ratentif,Patrat,Patrat,
0505,Watchog,Kukmarda,ミルホッグ,Miradar,Watchog,Watchog,
0506,Lillipup,Yorkleff,ヨーテリー,Ponchiot,Lillipup,Lillipup,
0507,Herdier,Terribark,ハーヂリア,Ponchien,Herdier,Herdier,
0508,Stoutland,Bissbark,ムーランド,Mastouffe,Stoutland,Stoutland,
0509,Purrloin,Felilou,チョロネコ,Chacripan,Purrloin,Purrloin,
0510,Liepard,Kleoparda,レパルダス,Léopardus,Liepard,Liepard,
0511,Pansage,Vegimak,ヤナップ,Feuillajou,Pansage,Pansage,
0512,Simisage,Vegichita,ヤナッキー,Feuiloutan,Simisage,Simisage,
0513,Pansear,Grillmak,バオップ,Flamajou,Pansear,Pansear,
0514,Simisear,Grillchita,バオッキー,Flamoutan,Simisear,Simisear,
0515,Panpour,Sodamak,ヒヤップ,Flotajou,Panpour,Panpour,
0516,Simipour,Sodachita,ヒヤッキー,Flotoutan,Simipour,Simipour,
0517,Munna,Somniam,ムンナ,Munna,Munna,Munna,
0518,Musharna,Somnivora,ムシャーナ,Mushana,Musharna,Musharna,
0519,Pidove,Dusselgurr,マメパト,Poichigeon,Pidove,Pidove,
0520,Tranquill,Navitaub,ハトーポー,Colombeau,Tranquill,Tranquill,
0521,Unfezant,Fasasnob,ケンホロウ,Déflaisan,Unfezant,Unfezant,
0522,Blitzle,Elezeba,シママ,Zébibron,Blitzle,Blitzle,
0523,Zebstrika,Zebritz,ゼブライカ,Zéblitz,Zebstrika,Zebstrika,
0524,Roggenrola,Kiesling,ダンゴロ,Nodulithe,Roggenrola,Roggenrola,
0525,Boldore,Sedimantur,ガントル,Géolithe,Boldore,Boldore,
0526,Gigalith,Brockoloss,ギガイアス,Gigalithe,Gigalith,Gigalith,
0527,Woobat,Fleknoil,コロモリ,Chovsourir,Woobat,Woobat,
0528,Swoobat,Fletiano,ココロモリ,Rhinolove,Swoobat,Swoobat,
0529,Drilbur,Rotomurf,モグリュー,Rototaupe,Drilbur,Drilbur,
0530,Excadrill,Stalobor,ドリュウズ,Minotaupe,Excadrill,Excadrill,
0531,Audino,Ohrdoch,タブンネ,Nanméouïe,Audino,Audino,
0532,Timburr,Praktibalk,ドッコラー,Charpenti,Timburr,Timburr,
0533,Gurdurr,Strepoli,ドテッコツ,Ouvrifier,Gurdurr,Gurdurr,
0534,Conkeldurr,Meistagrif,ローブシン,Bétochef,Conkeldurr,Conkeldurr,
0535,Tympole,Schallquap,オタマロ,Tritonde,Tympole,Tympole,
0536,Palpitoad,Mebrana,ガマガル,Batracné,Palpitoad,Palpitoad,
0537,Seismitoad,Branawarz,ガマゲロゲ,Crapustule,Seismitoad,Seismitoad,
0538,Throh,Jiutesto,ナゲキ,Judokrak,Throh,Throh,
0539,Sawk,Karadonis,ダゲキ,Karaclée,Sawk,Sawk,
0540,Sewaddle,Strawickl,クルミル,Larvayette,Sewaddle,Sewaddle,
0541,Swadloon,Folikon,クルマユ,Couverdure,Swadloon,Swadloon,
0542,Leavanny,Matrifol,ハハコモリ,Manternel,Leavanny,Leavanny,
0543,Venipede,Toxiped,フシデ,Venipatte,Venipede,Venipede,
0544,Whirlipede,Rollum,ホイーガ,Scobolide,Whirlipede,Whirlipede,
0545,Scolipede,Cerapendra,ペンドラー,Brutapode,Scolipede,Scolipede,
0546,Cottonee,Waumboll,モンメン,Doudouvet,Cottonee,Cottonee,
0547,Whimsicott,Elfun,エルフーン,Farfaduvet,Whimsicott,Whimsicott,
0548,Petilil,Lilminip,チュリネ,Chlorobule,Petilil,Petilil,
0549,Lilligant,Dressella,ドレヂィア,Fragilady,Lilligant,Lilligant,
0550,Basculin,Barschuft,バスラオ,Bargantua,Basculin,Basculin,
0551,Sandile,Ganovil,メグロコ,Mascaïman,Sandile,Sandile,
0552,Krokorok,Rokkaiman,ワルビル,Escroco,Krokorok,Krokorok,
0553,Krookodile,Rabigator,ワルビアル,Crocorible,Krookodile,Krookodile,
0554,Darumaka,Flampion,ダルマッカ,Darumarond,Darumaka,Darumaka,
0555,Darmanitan,Flampivian,ヒヒダルマ,Darumacho,Darmanitan,Darmanitan,
0556,Maractus,Maracamba,マラカッチ,Maracachi,Maractus,Maractus,
0557,Dwebble,Lithomith,イシズマイ,Crabicoque,Dwebble,Dwebble,
0558,Crustle,Castellith,イワパレス,Crabaraque,Crustle,Crustle,
0559,Scraggy,Zurrokex,ズルッグ,Baggiguane,Scraggy,Scraggy,
0560,Scrafty,Irokex,ズルズキン,Baggaïd,Scrafty,Scrafty,
0561,Sigilyph,Symvolara,シンボラー,Cryptéro,Sigilyph,Sigilyph,
0562,Yamask,Makabaja,デスマス,Tutafeh,Yamask,Yamask,
0563,Cofagrigus,Echnatoll,デスカーン,Tutankafer,Cofagrigus,Cofagrigus,
0564,Tirtouga,Galapaflos,プロトーガ,Carapagos,Tirtouga,Tirtouga,
0565,Carracosta,Karippas,アバゴーラ,Mégapagos,Carracosta,Carracosta,
0566,Archen,Flapteryx,アーケン,Arkéapti,Archen,Archen,
0567,Archeops,Aeropteryx,アーケオス,Aéroptéryx,Archeops,Archeops,
0568,Trubbish,Unratütox,ヤブクロン,Miamiasme,Trubbish,Trubbish,
0569,Garbodor,Deponitox,ダストダス,Miasmax,Garbodor,Garbodor,
0570,Zorua,Zorua,ゾロア,Zorua,Zorua,Zorua,
0571,Zoroark,Zoroark,ゾロアーク,Zoroark,Zoroark,Zoroark,
0572,Minccino,Picochilla,チラーミィ,Chinchidou,Minccino,Minccino,
0573,Cinccino,Chillabell,チラチーノ,Pashmilla,Cinccino,Cinccino,
0574,Gothita,Mollimorba,ゴチム,Scrutella,Gothita,Gothita,
0575,Gothorita,Hypnomorba,ゴチミル,Mesmérella,Gothorita,Gothorita,
0576,Gothitelle,Morbitesse,ゴチルゼル,Sidérella,Gothitelle,Gothitelle,
0577,Solosis,Monozyto,ユニラン,Nucléos,Solosis,Solosis,
0578,Duosion,Mitodos,ダブラン,Méios,Duosion,Duosion,
0579,Reuniclus,Zytomega,ランクルス,Symbios,Reuniclus,Reuniclus,
0580,Ducklett,Piccolente,コアルヒー,Couaneton,Ducklett,Ducklett,
0581,Swanna,Swaroness,スワンナ,Lakmécygne,Swanna,Swanna,
0582,Vanillite,Gelatini,バニプッチ,Sorbébé,Vanillite,Vanillite,
0583,Vanillish,Gelatroppo,バニリッチ,Sorboul,Vanillish,Vanillish,
0584,Vanilluxe,Gelatwino,バイバニラ,Sorbouboul,Vanilluxe,Vanilluxe,
0585,Deerling,Sesokitz,シキジカ,Vivaldaim,Deerling,Deerling,
0586,Sawsbuck,Kronjuwild,メブキジカ,Haydaim,Sawsbuck,Sawsbuck,
0587,Emolga,Emolga,エモンガ,Emolga,Emolga,Emolga,
0588,Karrablast,Laukaps,カブルモ,Carabing,Karrablast,Karrablast,
0589,Escavalier,Cavalanzas,シュバルゴ,Lançargot,Escavalier,Escavalier,
0590,Foongus,Tarnpignon,タマゲタケ,Trompignon,Foongus,Foongus,
0591,Amoonguss,Hutsassa,モロバレル,Gaulet,Amoonguss,Amoonguss,
0592,Frillish,Quabbel,プルリル,Viskuse,Frillish,Frillish,
0593,Jellicent,Apoquallyp,ブルンゲル,Moyade,Jellicent,Jellicent,
0594,Alomomola,Mamolida,ママンボウ,Mamambo,Alomomola,Alomomola,
0595,Joltik,Wattzapf,バチュル,Statitik,Joltik,Joltik,
0596,Galvantula,Voltula,デンチュラ,Mygavolt,Galvantula,Galvantula,
0597,Ferroseed,Kastadur,テッシード,Grindur,Ferroseed,Ferroseed,
0598,Ferrothorn,Tentantel,ナットレイ,Noacier,Ferrothorn,Ferrothorn,
0599,Klink,Klikk,ギアル,Tic,Klink,Klink,
0600,Klang,Kliklak,ギギアル,Clic,Klang,Klang,
0601,Klinklang,Klikdiklak,ギギギアル,Cliticlic,Klinklang,Klinklang,
0602,Tynamo,Zapplardin,シビシラス,Anchwatt,Tynamo,Tynamo,
0603,Eelektrik,Zapplalek,シビビール,Lampéroie,Eelektrik,Eelektrik,
0604,Eelektross,Zapplarang,シビルドン,Ohmassacre,Eelektross,Eelektross,
0605,Elgyem,Pygraulon,リグレー,Lewsor,Elgyem,Elgyem,
0606,Beheeyem,Megalon,オーベム,Neitram,Beheeyem,Beheeyem,
0607,Litwick,Lichtel,ヒトモシ,Funécire,Litwick,Litwick,
0608,Lampent,Laternecto,ランプラー,Mélancolux,Lampent,Lampent,
0609,Chandelure,Skelabra,シャンデラ,Lugulabre,Chandelure,Chandelure,
0610,Axew,Milza,キバゴ,Coupenotte,Axew,Axew,
0611,Fraxure,Sharfax,オノンド,Incisache,Fraxure,Fraxure,
0612,Haxorus,Maxax,オノノクス,Tranchodon,Haxorus,Haxorus,
0613,Cubchoo,Petznief,クマシュン,Polarhume,Cubchoo,Cubchoo,
0614,Beartic,Siberio,ツンビアー,Polagriffe,Beartic,Beartic,
0615,Cryogonal,Frigometri,フリージオ,Hexagel,Cryogonal,Cryogonal,
0616,Shelmet,Schnuthelm,チョボマキ,Escargaume,Shelmet,Shelmet,
0617,Accelgor,Hydragil,アギルダー,Limaspeed,Accelgor,Accelgor,
0618,Stunfisk,Flunschlik,マッギョ,Limonde,Stunfisk,Stunfisk,
0619,Mienfoo,Lin-Fu,コジョフー,Kungfouine,Mienfoo,Mienfoo,
0620,Mienshao,Wie-Shu,コジョンド,Shaofouine,Mienshao,Mienshao,
0621,Druddigon,Shardrago,クリムガン,Drakkarmin,Druddigon,Druddigon,
0622,Golett,Golbit,ゴビット,Gringolem,Golette,Golette,
0623,Golurk,Golgantes,ゴルーグ,Golemastoc,Golurk,Golurk,
0624,Pawniard,Gladiantri,コマタナ,Scalpion,Pawniard,Pawniard,
0625,Bisharp,Caesurio,キルキザン,Scalproie,Bisharp,Bisharp,
0626,Bouffalant,Bisofank,バッフロン,Frison,Bouffalant,Bouffalant,
0627,Rufflet,Geronimatz,ワシボン,Furaiglon,Rufflet,Rufflet,
0628,Braviary,Washakwil,ウォーグル,Gueriaigle,Braviary,Braviary,
0629,Vullaby,Skallyk,バルチャイ,Vostourno,Vullaby,Vullaby,
0630,Mandibuzz,Grypheldis,バルジーナ,Vaututrice,Mandibuzz,Mandibuzz,
0631,Heatmor,Furnifraß,クイタラン,Aflamanoir,Heatmor,Heatmor,
0632,Durant,Fermicula,アイアント,Fermite,Durant,Durant,
0633,Deino,Kapuno,モノズ,Solochi,Deino,Deino,
0634,Zweilous,Duodino,ジヘッド,Diamat,Zweilous,Zweilous,
0635,Hydreigon,Trikephalo,サザンドラ,Trioxhydre,Hydreigon,Hydreigon,
0636,Larvesta,Ignivor,メラルバ,Pyronille,Larvesta,Larvesta,
0637,Volcarona,Ramoth,ウルガモス,Pyrax,Volcarona,Volcarona,
0638,Cobalion,Kobalium,コバルオン,Cobaltium,Cobalion,Cobalion,
0639,Terrakion,Terrakium,テラキオン,Terrakium,Terrakion,Terrakion,
0640,Virizion,Viridium,ビリジオン,Viridium,Virizion,Virizion,
0641,Tornadus,Boreos,トルネロス,Boréas,Tornadus,Tornadus,
0642,Thundurus,Voltolos,ボルトロス,Fulguris,Thundurus,Thundurus,
0643,Reshiram,Reshiram,レシラム,Reshiram,Reshiram,Reshiram,
0644,Zekrom,Zekrom,ゼクロム,Zekrom,Zekrom,Zekrom,
0645,Landorus,Demeteros,ランドロス,Démétéros,Landorus,Landorus,
0646,Kyurem,Kyurem,キュレム,Kyurem,Kyurem,Kyurem,
0647,Keldeo,Keldeo,ケルヂィオ,Keldeo,Keldeo,Keldeo,
0648,Meloetta,Meloetta,メロエッタ,Meloetta,Meloetta,Meloetta,
0649,Genesect,Genesect,ゲノセクト,Genesect,Genesect,Genesect,
0650,Chespin,Igamaro,ハリマロン,Marisson,Chespin,Chespin,
0651,Quilladin,Igastarnish,ハリボーグ,Boguérisse,Quilladin,Quilladin,
0652,Chesnaught,Brigaron,ブリガロン,Blindépique,Chesnaught,Chesnaught,
0653,Fennekin,Fynx,フォッコ,Feunnec,Fennekin,Fennekin,
0654,Braixen,Rutena,テールナー,Roussil,Braixen,Braixen,
0655,Delphox,Fennexis,マフォクシー,Goupelin,Delphox,Delphox,
0656,Froakie,Froxy,ケロマツ,Grenousse,Froakie,Froakie,
0657,Frogadier,Amphizel,ゲコガシラ,Crôaporal,Frogadier,Frogadier,
0658,Greninja,Quajutsu,ゲッコウガ,Amphinobi,Greninja,Greninja,
0659,Bunnelby,Scoppel,ホルビー,Sapereau,Bunnelby,Bunnelby,
0660,Diggersby,Grebbit,ホルード,Excavarenne,Diggersby,Diggersby,
0661,Fletchling,Dartiri,ヤヤコマ,Passerouge,Fletchling,Fletchling,
0662,Fletchinder,Dartignis,ヒノヤコマ,Braisillon,Fletchinder,Fletchinder,
0663,Talonflame,Fiaro,ファイアロー,Flambuzard,Talonflame,Talonflame,
0664,Scatterbug,Purmel,コフキムシ,Lépidonille,Scatterbug,Scatterbug,
0665,Spewpa,Puponcho,コフーライ,Pérégrain,Spewpa,Spewpa,
0666,Vivillon,Vivillon,ビビヨン,Prismillon,Vivillon,Vivillon,
0667,Litleo,Leufeo,シシコ,Hélionceau,Litleo,Litleo,
0668,Pyroar,Pyroleo,カエンジシ,Némélios,Pyroar,Pyroar,
0669,Flabébé,Flabébé,フラベベ,Flabébé,Flabébé,Flabébé,
0670,Floette,Floette,フラエッテ,Floette,Floette,Floette,
0671,Florges,Florges,フラージェス,Florges,Florges,Florges,
0672,Skiddo,Mähikel,メェークル,Cabriolaine,Skiddo,Skiddo,
0673,Gogoat,Chevrumm,ゴーゴート,Chevroum,Gogoat,Gogoat,
0674,Pancham,Pam-Pam,ヤンチャム,Pandespiègle,Pancham,Pancham,
0675,Pangoro,Pandagro,ゴロンダ,Pandarbare,Pangoro,Pangoro,
0676,Furfrou,Coiffwaff,トリミアン,Couafarel,Furfrou,Furfrou,
0677,Espurr,Psiau,ニャスパー,Psystigri,Espurr,Espurr,
0678,Meowstic,Psiaugon,ニャオニクス,Mistigrix,Meowstic,Meowstic,
0679,Honedge,Gramokles,ヒトツキ,Monorpale,Honedge,Honedge,
0680,Doublade,Duokles,ニダンギル,Dimoclès,Doublade,Doublade,
0681,Aegislash,Durengard,ギルガルド,Exagide,Aegislash,Aegislash,
0682,Spritzee,Parfi,シュシュプ,Fluvetin,Spritzee,Spritzee,
0683,Aromatisse,Parfinesse,フレフワン,Cocotine,Aromatisse,Aromatisse,
0684,Swirlix,Flauschling,ペロッパフ,Sucroquin,Swirlix,Swirlix,
0685,Slurpuff,Sabbaione,ペロリーム,Cupcanaille,Slurpuff,Slurpuff,
0686,Inkay,Iscalar,マーイーカ,Sepiatop,Inkay,Inkay,
0687,Malamar,Calamanero,カラマネロ,Sepiatroce,Malamar,Malamar,
0688,Binacle,Bithora,カメテテ,Opermine,Binacle,Binacle,
0689,Barbaracle,Thanathora,ガメノデス,Golgopathe,Barbaracle,Barbaracle,
0690,Skrelp,Algitt,クズモー,Venalgue,Skrelp,Skrelp,
0691,Dragalge,Tandrak,ドラミドロ,Kravarech,Dragalge,Dragalge,
0692,Clauncher,Scampisto,ウデッポウ,Flingouste,Clauncher,Clauncher,
0693,Clawitzer,Wummer,ブロスター,Gamblast,Clawitzer,Clawitzer,
0694,Helioptile,Eguana,エリキテル,Galvaran,Helioptile,Helioptile,
0695,Heliolisk,Elezard,エレザード,Iguolta,Heliolisk,Heliolisk,
0696,Tyrunt,Balgoras,チゴラス,Ptyranidur,Tyrunt,Tyrunt,
0697,Tyrantrum,Monargoras,ガチゴラス,Rexilius,Tyrantrum,Tyrantrum,
0698,Amaura,Amarino,アマルス,Amagara,Amaura,Amaura,
0699,Aurorus,Amagarga,アマルルガ,Dragmara,Aurorus,Aurorus,
0700,Sylveon,Feelinara,ニンフィア,Nymphali,Sylveon,Sylveon,
0701,Hawlucha,Resladero,ルチャブル,Brutalibré,Hawlucha,Hawlucha,
0702,Dedenne,Dedenne,デデンネ,Dédenne,Dedenne,Dedenne,
0703,Carbink,Rocara,メレシー,Strassie,Carbink,Carbink,
0704,Goomy,Viscora,ヌメラ,Mucuscule,Goomy,Goomy,
0705,Sliggoo,Viscargot,ヌメイル,Colimucus,Sliggoo,Sliggoo,
0706,Goodra,Viscogon,ヌメルゴン,Muplodocus,Goodra,Goodra,
0707,Klefki,Clavion,クレッフィ,Trousselin,Klefki,Klefki,
0708,Phantump,Paragoni,ボクレー,Brocélôme,Phantump,Phantump,
0709,Trevenant,Trombork,オーロット,Desséliandre,Trevenant,Trevenant,
0710,Pumpkaboo,Irrbis,バケッチャ,Pitrouille,Pumpkaboo,Pumpkaboo,
0711,Gourgeist,Pumpdjinn,パンプジン,Banshitrouye,Gourgeist,Gourgeist,
0712,Bergmite,Arktip,カチコール,Grelaçon,Bergmite,Bergmite,
0713,Avalugg,Arktilas,クレベース,Séracrawl,Avalugg,Avalugg,
0714,Noibat,eF-eM,オンバット,Sonistrelle,Noibat,Noibat,
0715,Noivern,UHaFnir,オンバーン,Bruyverne,Noivern,Noivern,
0716,Xerneas,Xerneas,ゼルネアス,Xerneas,Xerneas,Xerneas,
0717,Yveltal,Yveltal,イベルタル,Yveltal,Yveltal,Yveltal,
0718,Zygarde,Zygarde,ジガルデ,Zygarde,Zygarde,Zygarde,
0719,Diancie,Diancie,ヂィアンシー,Diancie,Diancie,Diancie,
0720,Hoopa,Hoopa,フーパ,Hoopa,Hoopa,Hoopa,
0721,Volcanion,Volcanion,ボルケニオン,Volcanion,Volcanion,Volcanion,
0722,Rowlet,Bauz,モクロー,Brindibou,Rowlet,Rowlet,
0723,Dartrix,Arboretoss,フクスロー,Efflèche,Dartrix,Dartrix,
0724,Decidueye,Silvarro,ジュナイパー,Archéduc,Decidueye,Decidueye,
0725,Litten,Flamiau,ニャビー,Flamiaou,Litten,Litten,
0726,Torracat,Miezunder,ニャヒート,Matoufeu,Torracat,Torracat,
0727,Incineroar,Fuegro,ガオガエン,Félinferno,Incineroar,Incineroar,
0728,Popplio,Robball,アシマリ,Otaquin,Popplio,Popplio,
0729,Brionne,Marikeck,オシャマリ,Otarlette,Brionne,Brionne,
0730,Primarina,Primarene,アシレーヌ,Oratoria,Primarina,Primarina,
0731,Pikipek,Peppeck,ツツケラ,Picassaut,Pikipek,Pikipek,
0732,Trumbeak,Trompeck,ケララッパ,Piclairon,Trumbeak,Trumbeak,
0733,Toucannon,Tukanon,ドデカバシ,Bazoukan,Toucannon,Toucannon,
0734,Yungoos,Mangunior,ヤングース,Manglouton,Yungoos,Yungoos,
0735,Gumshoos,Manguspektor,デカグース,Argouste,Gumchoos,Gumchoos,
0736,Grubbin,Mabula,アゴジムシ,Larvibule,Grubbin,Grubbin,
0737,Charjabug,Akkup,デンジムシ,Chrysapile,Charjabug,Charjabug,
0738,Vikavolt,Donarion,クワガノン,Lucanon,Vikavolt,Vikavolt,
0739,Crabrawler,Krabbox,マケンカニ,Crabagarre,Crabrawler,Crabrawler,
0740,Crabominable,Krawell,ケケンカニ,Crabominable,Crabominable,Crabominable,
0741,Oricorio,Choreogel,オドリドリ,Plumeline,Oricorio,Oricorio,
0742,Cutiefly,Wommel,アブリー,Bombydou,Cutiefly,Cutiefly,
0743,Ribombee,Bandelby,アブリボン,Rubombelle,Ribombee,Ribombee,
0744,Rockruff,Wufffels,イワンコ,Rocabot,Rockruff,Rockruff,
0745,Lycanroc,Wolwerock,ルガルガン,Lougaroc,Lycanroc,Lycanroc,
0746,Wishiwashi,Lusardin,ヨワシ,Froussardine,Wishiwashi,Wishiwashi,
0747,Mareanie,Garstella,ヒドイデ,Vorastérie,Mareanie,Mareanie,
0748,Toxapex,Aggrostella,ドヒドイデ,Prédastérie,Toxapex,Toxapex,
0749,Mudbray,Pampuli,ドロバンコ,Tiboudet,Mudbray,Mudbray,
0750,Mudsdale,Pampross,バンバドロ,Bourrinos,Mudsdale,Mudsdale,
0751,Dewpider,Araqua,シズクモ,Araqua,Dewpider,Dewpider,
0752,Araquanid,Aranestro,オニシズクモ,Tarembulle,Araquanid,Araquanid,
0753,Fomantis,Imantis,カリキリ,Mimantis,Fomantis,Fomantis,
0754,Lurantis,Mantidea,ラランテス,Floramantis,Lurantis,Lurantis,
0755,Morelull,Bubungus,ネマシュ,Spododo,Morelull,Morelull,
0756,Shiinotic,Lamellux,マシェード,Lampignon,Shiinotic,Shiinotic,
0757,Salandit,Molunk,ヤトウモリ,Tritox,Salandit,Salandit,
0758,Salazzle,Amfira,エンニュート,Malamandre,Salazzle,Salazzle,
0759,Stufful,Velirsi,ヌイコグマ,Nounourson,Stufful,Stufful,
0760,Bewear,Kosturso,キテルグマ,Chelours,Bewear,Bewear,
0761,Bounsweet,Frubberl,アマカジ,Croquine,Bounsweet,Bounsweet,
0762,Steenee,Frubaila,アママイコ,Candine,Steenee,Steenee,
0763,Tsareena,Fruyal,アマージョ,Sucreine,Tsareena,Tsareena,
0764,Comfey,Curelei,キュワワー,Guérilande,Comfey,Comfey,
0765,Oranguru,Kommandutan,ヤレユータン,Gouroutan,Oranguru,Oranguru,
0766,Passimian,Quartermak,ナゲツケサル,Quartermac,Passimian,Passimian,
0767,Wimpod,Reißlaus,コソクムシ,Sovkipou,Wimpod,Wimpod,
0768,Golisopod,Tectass,グソクムシャ,Sarmuraï,Golisopod,Golisopod,
0769,Sandygast,Sankabuh,スナバァ,Bacabouh,Sandygast,Sandygast,
0770,Palossand,Colossand,シロデスナ,Trépassable,Palossand,Palossand,
0771,Pyukumuku,Gufa,ナマコブシ,Concombaffe,Pyukumuku,Pyukumuku,
0772,Type: Null,Typ:Null,タイプ：ヌル,Type:0,Código Cero,Tipo Zero,
0773,Silvally,Amigento,シルヴァヂィ,Silvallié,Silvally,Silvally,
0774,Minior,Meteno,メテノ,Météno,Minior,Minior,
0775,Komala,Koaleul,ネッコアラ,Dodoala,Komala,Komala,
0776,Turtonator,Turtonator,バクガメス,Boumata,Turtonator,Turtonator,
0777,Togedemaru,Togedemaru,トゲデマル,Togedemaru,Togedemaru,Togedemaru,
0778,Mimikyu,Mimigma,ミミッキュ,Mimiqui,Mimikyu,Mimikyu,
0779,Bruxish,Knirfish,ハギギシリ,Denticrisse,Bruxish,Bruxish,
0780,Drampa,Sen-Long,ジジーロン,Draïeul,Drampa,Drampa,
0781,Dhelmise,Moruda,ダダリン,Sinistrail,Dhelmise,Dhelmise,
0782,Jangmo-o,Miniras,ジャラコ,Bébécaille,Jangmo-o,Jangmo-o,
0783,Hakamo-o,Mediras,ジャランゴ,Ékaïd,Hakamo-o,Hakamo-o,
0784,Kommo-o,Grandiras,ジャラランガ,Ékaiser,Kommo-o,Kommo-o,
0785,Tapu Koko,Kapu-Riki,カプ・コケコ,Tokoriko,Tapu Koko,Tapu Koko,
0786,Tapu Lele,Kapu-Fala,カプ・テテフ,Tokopiyon,Tapu Lele,Tapu Lele,
0787,Tapu Bulu,Kapu-Toro,カプ・ブルル,Tokotoro,Tapu Bulu,Tapu Bulu,
0788,Tapu Fini,Kapu-Kime,カプ・レヒレ,Tokopisco,Tapu Fini,Tapu Fini,
0789,Cosmog,Cosmog,コスモッグ,Cosmog,Cosmog,Cosmog,
0790,Cosmoem,Cosmovum,コスモウム,Cosmovum,Cosmoem,Cosmoem,
0791,Solgaleo,Solgaleo,ソルガレオ,Solgaleo,Solgaleo,Solgaleo,
0792,Lunala,Lunala,ルナアーラ,Lunala,Lunala,Lunala,
0793,Nihilego,Anego,ウツロイド,Zeroïd,Nihilego,Nihilego,
0794,Buzzwole,Masskito,マッシブーン,Mouscoto,Buzzwole,Buzzwole,
0795,Pheromosa,Schabelle,フェローチェ,Cancrelove,Pheromosa,Pheromosa,
0796,Xurkitree,Voltriant,デンジュモク,Câblifère,Xurkitree,Xurkitree,
0797,Celesteela,Kaguron,テッカグヤ,Bamboiselle,Celesteela,Celesteela,
0798,Kartana,Katagami,カミツルギ,Katagami,Kartana,Kartana,
0799,Guzzlord,Schlingking,アクジキング,Engloutyran,Guzzlord,Guzzlord,
0800,Necrozma,Necrozma,ネクロスマ,Necrozma,Necrozma,Necrozma,
0801,Magearna,Magearna,マギアナ,Magearna,Magearna,Magearna,
0802,Marshadow,Marshadow,マーシャドー,Marshadow,Marshadow,Marshadow,
0803,Poipole,Venicro,ベベノム,Vémini,Poipole,Poipole,
0804,Naganadel,Agoyon,アーゴヨン,Mandrillon,Naganadel,Naganadel,
0805,Stakataka,Muramura,ツンデツンデ,Ama-Ama,Stakataka,Stakataka,
0806,Blacephalon,Kopplosio,ズガドーン,Pierroteknik,Blacephalon,Blacephalon,
0807,Zeraora,Zeraora,ゼラオラ,Zeraora,Zeraora,Zeraora,
0808,Meltan,Meltan,メルタン,Meltan,Meltan,Meltan,
0809,Melmetal,Melmetal,メルメタル,Melmetal,Melmetal,Melmetal,
0810,Grookey,Chimpep,サルノリ,Ouistempo,Grookey,Grookey,
0811,Thwackey,Chimstix,バチンキー,Badabouin,Thwackey,Thwackey,
0812,Rillaboom,Gortrom,ゴリランダー,Gorythmic,Rillaboom,Rillaboom,
0813,Scorbunny,Hopplo,ヒバニー,Flambino,Scorbunny,Scorbunny,
0814,Raboot,Kickerlo,ラビフット,Lapyro,Raboot,Raboot,
0815,Cinderace,Liberlo,エースバーン,Pyrobut,Cinderace,Cinderace,
0816,Sobble,Memmeon,メッソン,Larméléon,Sobble,Sobble,
0817,Drizzile,Phlegleon,ジメレオン,Arrozard,Drizzile,Drizzile,
0818,Inteleon,Intelleon,インテレオン,Lézargus,Inteleon,Inteleon,
0819,Skwovet,Raffel,ホシガリス,Rongourmand,Skwovet,Skwovet,
0820,Greedent,Schlaraffel,ヨクバリス,Rongrigou,Greedent,Greedent,
0821,Rookidee,Meikro,ココガラ,Minisange,Rookidee,Rookidee,
0822,Corvisquire,Kranoviz,アオガラス,Bleuseille,Corvisquire,Corvisquire,
0823,Corviknight,Krarmor,アーマーガア,Corvaillus,Corviknight,Corviknight,
0824,Blipbug,Sensect,サッチミシ,Larvadar,Blipbug,Blipbug,
0825,Dottler,Keradar,レドームシ,Coléodôme,Dottler,Dottler,
0826,Orbeetle,Maritellit,イオルブ,Astronelle,Orbeetle,Orbeetle,
0827,Nickit,Kleptifux,クスネ,Goupilou,Nickit,Nickit,
0828,Thievul,Gaunux,フォクスライ,Roublenard,Thievul,Thievul,
0829,Gossifleur,Cottini,ヒメンカ,Tournicoton,Gossifleur,Gossifleur,
0830,Eldegoss,Cottomi,ワタシラガ,Blancoton,Eldegoss,Eldegoss,
0831,Wooloo,Wolly,ウールー,Moumouton,Wooloo,Wooloo,
0832,Dubwool,Zwollock,バイウールー,Moumouflon,Dubwool,Dubwool,
0833,Chewtle,Kamehaps,カムカメ,Khélocrok,Chewtle,Chewtle,
0834,Drednaw,Kamalm,カジリガメ,Torgamord,Drednaw,Drednaw,
0835,Yamper,Voldi,ワンパチ,Voltoutou,Yamper,Yamper,
0836,Boltund,Bellektro,パルスワン,Fulgudog,Boltund,Boltund,
0837,Rolycoly,Klonkette,タンドン,Charbi,Rolycoly,Rolycoly,
0838,Carkol,Wagong,トロッゴン,Wagomine,Carkol,Carkol,
0839,Coalossal,Montecarbo,セキタンザン,Monthracite,Coalossal,Coalossal,
0840,Applin,Knapfel,カジッチュ,Verpom,Applin,Applin,
0841,Flapple,Drapfel,アップリュー,Pomdrapi,Flapple,Flapple,
0842,Appletun,Schlapfel,タルップル,Dratatin,Appletun,Appletun,
0843,Silicobra,Salanga,スナヘビ,Dunaja,Silicobra,Silicobra,
0844,Sandaconda,Sanaconda,サダイジャ,Dunaconda,Sandaconda,Sandaconda,
0845,Cramorant,Urgl,ウッウ,Nigosier,Cramorant,Cramorant,
0846,Arrokuda,Pikuda,サシカマス,Embrochet,Arrokuda,Arrokuda,
0847,Barraskewda,Barrakiefa,カマスジョー,Hastacuda,Barraskewda,Barraskewda,
0848,Toxel,Toxel,エレゼン,Toxizap,Toxel,Toxel,
0849,Toxtricity,Riffex,ストリンダー,Salarsen,Toxtricity,Toxtricity,
0850,Sizzlipede,Thermopod,ヤクデ,Grillepattes,Sizzlipede,Sizzlipede,
0851,Centiskorch,Infernopod,マルヤクデ,Scolocendre,Centiskorch,Centiskorch,
0852,Clobbopus,Klopptopus,タタッコ,Poulpaf,Clobbopus,Clobbopus,
0853,Grapploct,Kaocto,オトスパス,Krakos,Grapploct,Grapploct,
0854,Sinistea,Fatalitee,ヤバチャ,Théffroi,Sinistea,Sinistea,
0855,Polteageist,Mortipot,ポットデス,Polthégeist,Polteageist,Polteageist,
0856,Hatenna,Brimova,ミブリム,Bibichut,Hatenna,Hatenna,
0857,Hattrem,Brimano,テブリム,Chapotus,Hattrem,Hattrem,
0858,Hatterene,Silembrim,ブリムオン,Sorcilence,Hatterene,Hatterene,
0859,Impidimp,Bähmon,ベロバー,Grimalin,Impidimp,Impidimp,
0860,Morgrem,Pelzebub,ギモー,Fourbelin,Morgrem,Morgrem,
0861,Grimmsnarl,Olangaar,オーロンゲ,Angoliath,Grimmsnarl,Grimmsnarl,
0862,Obstagoon,Barrikadax,タチフサグマ,Ixon,Obstagoon,Obstagoon,
0863,Perrserker,Mauzinger,ニャイキング,Berserkatt,Perrserker,Perrserker,
0864,Cursola,Gorgasonn,サニゴーン,Corayôme,Cursola,Cursola,
0865,Sirfetch'd,Lauchzelot,ネギガナイト,Palarticho,Sirfetch'd,Sirfetch'd,
0866,Mr. Rime,Pantifrost,バリコオル,M. Glaquette,Mr. Rime,Mr. Rime,
0867,Runerigus,Oghnatoll,デスバーン,Tutétékri,Runerigus,Runerigus,
0868,Milcery,Hokumil,マホミル,Crèmy,Milcery,Milcery,
0869,Alcremie,Pokusan,マホイップ,Charmilly,Alcremie,Alcremie,
0870,Falinks,Legios,タイレーツ,Hexadron,Falinks,Falinks,
0871,Pincurchin,Britzigel,バチンウニ,Wattapik,Pincurchin,Pincurchin,
0872,Snom,Snomnom,ユキハミ,Frissonille,Snom,Snom,
0873,Frosmoth,Mottineva,モスノウ,Beldeneige,Frosmoth,Frosmoth,
0874,Stonjourner,Humanolith,イシヘンジン,Dolman,Stonjourner,Stonjourner,
0875,Eiscue,Kubuin,コオリッポ,Bekaglaçon,Eiscue,Eiscue,
0876,Indeedee,Servol,イエッサン,Wimessir,Indeedee,Indeedee,
0877,Morpeko,Morpeko,モモルペコ,Morpeko,Morpeko,Morpeko,
0878,Cufant,Kupfanti,ゾウドウ,Charibari,Cufant,Cufant,
0879,Copperajah,Patinaraja,ダイオウドウ,Pachyradjah,Copperajah,Copperajah,
0880,Dracozolt,Lectragon,パッチラゴン,Galvagon,Dracozolt,Dracozolt,
0881,Arctozolt,Lecryodon,パッチルドン,Galvagla,Arctozolt,Arctozolt,
0882,Dracovish,Pescragon,ウオノラゴン,Hydragon,Dracovish,Dracovish,
0883,Arctovish,Pescryodon,ウオノルドン,Hydragla,Arctovish,Arctovish,
0884,Duraludon,Duraludon,ジュラルドン,Duralugon,Duraludon,Duraludon,
0885,Dreepy,Grolldra,ドラメシヤ,Fantyrm,Dreepy,Dreepy,
0886,Drakloak,Phandra,ドロンチ,Dispareptil,Drakloak,Drakloak,
0887,Dragapult,Katapuldra,ドラパルト,Lanssorien,Dragapult,Dragapult,
0888,Zacian,Zacian,ザシアン,Zacian,Zacian,Zacian,
0889,Zamazenta,Zamazenta,ザマゼンタ,Zamazenta,Zamazenta,Zamazenta,
0890,Eternatus,Endynalos,ムゲンダイナ,Éthernatos,Eternatus,Eternatus,
0891,Kubfu,Dakuma,ダクマ,Wushours,Kubfu,Kubfu,
0892,Urshifu,Wulaosu,ウーラオス,Shifours,Urshifu,Urshifu,
0893,Zarude,Zarude,ザルード,Zarude,Zarude,Zarude,
0894,Regieleki,Regieleki,レジイレキ,Regieleki,Regieleki,Regieleki,
0895,Regidrago,Regidrago,レジドラゴ,Regidrago,Regidrago,Regidrago,
0896,Glastrier,Polaross,ブラザポス,Blizzeval,Glastrier,Glastrier,
0897,Spectrier,Phantoross,ライスポス,Spectreval,Spectrier,Spectrier,
0898,Calyrex,Coronospa,バドレックス,Sylveroy,Calyrex,Calyrex,
0899,Wyrdeer,Damythir,アヤシシ,Cerbyllin,Wyrdeer,Wyrdeer,
0900,Kleavor,Axantor,バサギリ,Hachécateur,Kleavor,Kleavor,
0901,Ursaluna,Ursaluna,ガチグマ,Ursaking,Ursaluna,Ursaluna,
0902,Basculegion,Salmagnis,イヤイトウ,Paragruel,Basculegion,Basculegion,
0903,Sneasler,Snieboss,オオニューラ,Farfurex,Sneasler,Sneasler,
0904,Overqwil,Myriador,ハリーマン,Qwilpik,Overqwil,Overqwil,
0905,Enamorus,Cupidos,ラブトロス,Amovénus,Enamorus,Enamorus,
0906,Sprigatito,Felori,ニャオハ,Poussacha,Sprigatito,Sprigatito,
0907,Floragato,Feliospa,ニャローテ,Matourgeon,Floragato,Floragato,
0908,Meowscarada,Maskagato,マスカーニャ,Miascarade,Meowscarada,Meowscarada,
0909,Fuecoco,Krokel,ホゲータ,Chochodile,Fuecoco,Fuecoco,
0910,Crocalor,Lokroko,アチゲータ,Crocogril,Crocalor,Crocalor,
0911,Skeledirge,Skelokrok,ラウドボーン,Flâmigator,Skeledirge,Skeledirge,
0912,Quaxly,Kwaks,クワッス,Coiffeton,Quaxly,Quaxly,
0913,Quaxwell,Fuentente,ウェルカモ,Canarbello,Quaxwell,Quaxwell,
0914,Quaquaval,Bailonda,ウェーニバル,Palmaval,Quaquaval,Quaquaval,
0915,Lechonk,Ferkuli,グルトン,Gourmelet,Lechonk,Lechonk,
0916,Oinkologne,Fragrunz,パフュートン,Fragroin,Oinkologne,Oinkologne,
0917,Tarountula,Tarundel,タマンチュラ,Tissenboule,Tarountula,Tarountula,
0918,Spidops,Spinsidias,ワナイダー,Filentrappe,Spidops,Spidops,
0919,Nymble,Micrick,マメバッタ,Lilliterelle,Nymble,Nymble,
0920,Lokix,Lextremo,エクスレッグ,Gamblex,Lokix,Lokix,
0921,Pawmi,Pamo,パモ,Pohm,Pawmi,Pawmi,
0922,Pawmo,Pamamo,パモット,Pohmotte,Pawmo,Pawmo,
0923,Pawmot,Pamomamo,パーモット,Pohmarmotte,Pawmot,Pawmot,
0924,Tandemaus,Zwieps,ワッカネズミ,Compagnol,Tandemaus,Tandemaus,
0925,Maushold,Famieps,イッカネズミ,Famignol,Maushold,Maushold,
0926,Fidough,Hefel,パピモッチ,Pâtachiot,Fidough,Fidough,
0927,Dachsbun,Backel,バウッツエル,Briochien,Dachsbun,Dachsbun,
0928,Smoliv,Olini,ミニーブ,Olivini,Smoliv,Smoliv,
0929,Dolliv,Olivinio,オリーニョ,Olivado,Dolliv,Dolliv,
0930,Arboliva,Olithena,オリーヴァ,Arboliva,Arboliva,Arboliva,
0931,Squawkabilly,Krawalloro,イキリンコ,Tapatoès,Squawkabilly,Squawkabilly,
0932,Nacli,Geosali,コジオ,Selutin,Nacli,Nacli,
0933,Naclstack,Sedisal,ジオヅム,Amassel,Naclstack,Naclstack,
0934,Garganacl,Saltigant,キョジオーン,Gigansel,Garganacl,Garganacl,
0935,Charcadet,Knarbon,カルボウ,Charbambin,Charcadet,Charcadet,
0936,Armarouge,Crimanzo,グレンアルマ,Carmadura,Armarouge,Armarouge,
0937,Ceruledge,Azugladis,ソウブレイズ,Malvalame,Ceruledge,Ceruledge,
0938,Tadbulb,Blipp,ズピカ,Têtampoule,Tadbulb,Tadbulb,
0939,Bellibolt,Wampitz,ハラバリー,Ampibidou,Bellibolt,Bellibolt,
0940,Wattrel,Voltrel,カイデン,Zapétrel,Wattrel,Wattrel,
0941,Kilowattrel,Voltrean,タイカイデン,Fulgulairo,Kilowattrel,Kilowattrel,
0942,Maschiff,Mobtiff,オラチフ,Grondogue,Maschiff,Maschiff,
0943,Mabosstiff,Mastifioso,マフィティフ,Dogrino,Mabosstiff,Mabosstiff,
0944,Shroodle,Sproxi,シルシュルー,Gribouraigne,Shroodle,Shroodle,
0945,Grafaiai,Affiti,タギングル,Tag-Tag,Grafaiai,Grafaiai,
0946,Bramblin,Weherba,アノクサ,Virovent,Bramblin,Bramblin,
0947,Brambleghast,Horrerba,アノホラグサ,Virevorreur,Brambleghast,Brambleghast,
0948,Toedscool,Tentagra,ノノクラゲ,Terracool,Toedscool,Toedscool,
0949,Toedscruel,Tenterra,リククラゲ,Terracruel,Toedscruel,Toedscruel,
0950,Klawf,Klibbe,ガケガニ,Craparoi,Klawf,Klawf,
0951,Capsakid,Chilingel,カプサイジ,Pimito,Capsakid,Capsakid,
0952,Scovillain,Halupenjo,スコヴィラン,Scovilain,Scovillain,Scovillain,
0953,Rellor,Relluk,シガロコ,Léboulérou,Rellor,Rellor,
0954,Rabsca,Skarabaks,ベラカス,Bérasca,Rabsca,Rabsca,
0955,Flittle,Flattutu,ヒラヒナ,Flotillon,Flittle,Flittle,
0956,Espathra,Psiopatra,クエスパトラ,Cléopsytra,Espathra,Espathra,
0957,Tinkatink,Forgita,カヌチャン,Forgerette,Tinkatink,Tinkatink,
0958,Tinkatuff,Tafforgita,ナカヌチャン,Forgella,Tinkatuff,Tinkatuff,
0959,Tinkaton,Granforgita,デカヌチャン,Forgelina,Tinkaton,Tinkaton,
0960,Wiglett,Schligda,ウミヂィグダ,Taupikeau,Wiglett,Wiglett,
0961,Wugtrio,Schligdri,ウミトリオ,Triopikeau,Wugtrio,Wugtrio,
0962,Bombirdier,Adebom,オトシドリ,Lestombaile,Bombirdier,Bombirdier,
0963,Finizen,Normifin,ナミイルカ,Dofin,Finizen,Finizen,
0964,Palafin,Delfinator,イルカマン,Superdofin,Palafin,Palafin,
0965,Varoom,Knattox,ブロロン,Vrombi,Varoom,Varoom,
0966,Revavroom,Knattatox,ブロロローム,Vrombotor,Revavroom,Revavroom,
0967,Cyclizar,Mopex,モトトカゲ,Motorizard,Cyclizar,Cyclizar,
0968,Orthworm,Schlurm,ミミズズ,Ferdeter,Orthworm,Orthworm,
0969,Glimmet,Lumispross,キラーメ,Germéclat,Glimmet,Glimmet,
0970,Glimmora,Lumiflora,キラフロル,Floréclat,Glimmora,Glimmora,
0971,Greavard,Gruff,ボチ,Toutombe,Greavard,Greavard,
0972,Houndstone,Friedwuff,ハカドッグ,Tomberro,Houndstone,Houndstone,
0973,Flamigo,Flaminkno,カラミンゴ,Flamenroule,Flamigo,Flamigo,
0974,Cetoddle,Flaniwal,アルクジラ,Piétacé,Cetoddle,Cetoddle,
0975,Cetitan,Kolowal,ハルクジラ,Balbalèze,Cetitan,Cetitan,
0976,Veluza,Agiluza,ミミガルーサ,Délestin,Veluza,Veluza,
0977,Dondozo,Heerashai,ヘイラッシャ,Oyacata,Dondozo,Dondozo,
0978,Tatsugiri,Nigiragi,シャリタツ,Nigirigon,Tatsugiri,Tatsugiri,
0979,Annihilape,Epitaff,コノヨザル,Courrousinge,Annihilape,Annihilape,
0980,Clodsire,Suelord,ドオー,Terraiste,Clodsire,Clodsire,
0981,Farigiraf,Farigiraf,リキキリン,Farigiraf,Farigiraf,Farigiraf,
0982,Dudunsparce,Dummimisel,ノココッチ,Deusolourdo,Dudunsparce,Dudunsparce,
0983,Kingambit,Gladimperio,ドドゲザン,Courrousinge,Kingambit,Kingambit,
0984,Great Tusk,Riesenzahn,イダイナキバ,Fort-Ivoire,Colmilargo,Grandizanne,
0985,Scream Tail,Brüllschweif,サケブシッポ,Hurle-Queue,Colagrito,Crinealato,
0986,Brute Bonnet,Wutpilz,アラブルタケ,Fongus-Furie,Furioseta,Fungofurioso,
0987,Flutter Mane,Flatterhaar,ハバタクカミ,Flotte-Mèche,Melenaleto,Codaurlante,
0988,Slither Wing,Kriechflügel,チヲハウハネ,Rampe-Ailes,Reptalada,Alirasenti,
0989,Sandy Shocks,Sandfell,スナノケガワ,Pelage-Sablé,Sandy Shocks,Peldisabbia,
0990,Iron Treads,Eisenrad,テツノワダチ,Roue-de-Fer,Ferrodada,Solcoferreo,
0991,Iron Bundle,Eisenbündel,テツノツツミ,Hotte-de-Fer,Ferrosaco,Saccoferreo,
0992,Iron Hands,Eisenhand,テツノカイナ,Paume-de-Fer,Ferropalmas,Manoferrea,
0993,Iron Jugulis,Eisenhals,テツノコウベ,Têtes-de-Fer,Ferrocuello,Colloferreo,
0994,Iron Moth,Eisenfalter,テツノドクガ,Mite-de-Fer,Ferropolilla,Falenaferrea,
0995,Iron Thorns,Eisendorn,テツノイバラ,Épine-de-Fer,Ferropúas,Spineferree,
0996,Frigibax,Frospino,セビエ,Frigodo,Frigibax,Frigibax,
0997,Arctibax,Cryospino,セゴール,Cryodo,Arctibax,Arctibax,
0998,Baxcalibur,Espinodon,セグレイブ,Glaivodo,Baxcalibur,Baxcalibur,
0999,Gimmighoul,Gierspenst,コレクレー,Mordudor,Gimmighoul,Gimmighoul,
1000,Gholdengo,Monetigo,サーフゴー,Gromago,Gholdengo,Gholdengo,
1001,Wo-Chien,Chongjian,チオンジェン,Chongjian,Wo-Chien,Wo-Chien,
1002,Chien-Pao,Baojian,パオジアン,Baojian,Chien-Pao,Chien-Pao,
1003,Ting-Lu,Dinglu,ディンルー,Dinglu,Ting-Lu,Ting-Lu,
1004,Chi-Yu,Yuyu,イーユイ,Yuyu,Chi-Yu,Chi-Yu,
1005,Roaring Moon,Donnersichel,トドロクツキ,Rugit-Lune,Bramaluna,Lunaruggente,
1006,Iron Valiant,Eisenkrieger,テツノブジン,Garde-de-Fer,Ferropaladin,Eroeferreo,
1007,Koraidon,Koraidon,コライドン,Koraidon,Koraidon,Koraidon,
1008,Miraidon,Miraidon,ミライドン,Miraidon,Miraidon,Miraidon,
1009,Walking Wake,Windewoge,ウネルミナモ,Serpente-Eau,Ondulagua,Acquecrespe,
1010,Iron Leaves,Eisenblatt,テツノイサハ,Vert-de-Fer,Bramaluna,Lunaruggente,
1011,Dipplin,Sirapfel,カミッチュ,Pomdramour,Ferropaladin,Eroeferreo,
1012,Poltchageist,Mortcha,チャデス,Poltchageist,Poltchageist,Poltchageist,
1013,Sinistcha,Fatalitcha,ヤバソチャ,Théffroyable,Sinistcha,Sinistcha,
1014,Okidogi,Boninu,イイネイヌ,Félicanis,Ondulagua,Acquecrespe,
1015,Munkidori,Benesaru,マシマシラ,Fortusimia,Bramaluna,Lunaruggente,
1016,Fezandipiti,Beatori,キチキギス,Favianos,Ferropaladin,Eroeferreo,
1017,Ogerpon,Ogerpon,オーガポン,Ogerpon,Ogerpon,Ogerpon,
1018,Archaludon,Briduradon,ブリジュラス,Pondralugon,Archaludon,Archaludon,
1019,Hydrapple,Hydrapfel,カミツオロチ,Pomdorochi,Hydrapple,Hydrapple,
1020,Gouging Fire,Keilflamme,ウガツホムラ,Feu-Perçant,Flamariete,Vampeaguzze,
1021,Raging Bolt,Furienblitz,タケルライコ,Ire-Foudre,Electrofuria,Furiatonante,
1022,Iron Boulder,Eisenfels,テツノイワオ,Roc-de-Fer,Ferromole,Massoferreo,
1023,Iron Crown,Eisenhaupt,テツノカシラ,Chef-de-Fer,Ferrotesta,Capoferreo,
1024,Terapagos,Terapagos,テラパゴス,Terapagos,Terapagos,Terapagos,
1025,Pecharunt,Infamomo,モモワロウ,Pêchaminus,Pecharunt,Pecharunt,
